,id,code,day,net_value,sum_value,factor,acc_factor,refactor_net_value
0,29813349,003567,2017-02-04,1.0,1.0,1.0,1.0,1.0
1,807403,003567,2017-02-10,0.9999,0.9999,1.0,1.0,0.9999
2,807404,003567,2017-02-17,0.9983,0.9983,1.0,1.0,0.9983
3,807405,003567,2017-02-24,1.0079,1.0079,1.0,1.0,1.0079
4,807406,003567,2017-03-03,1.0082,1.0082,1.0,1.0,1.0082
5,807407,003567,2017-03-09,1.0074,1.0074,1.0,1.0,1.0074
6,807408,003567,2017-03-10,1.0086,1.0086,1.0,1.0,1.0086
7,807409,003567,2017-03-13,1.01,1.01,1.0,1.0,1.01
8,807410,003567,2017-03-14,1.0062,1.0062,1.0,1.0,1.0062
9,807411,003567,2017-03-15,1.0069,1.0069,1.0,1.0,1.0069
10,807412,003567,2017-03-16,1.0049,1.0049,1.0,1.0,1.0049
11,807413,003567,2017-03-17,1.0045,1.0045,1.0,1.0,1.0045
12,807414,003567,2017-03-20,1.0056,1.0056,1.0,1.0,1.0056
13,807415,003567,2017-03-21,1.0115,1.0115,1.0,1.0,1.0115
14,807416,003567,2017-03-22,1.0094,1.0094,1.0,1.0,1.0094
15,807417,003567,2017-03-23,1.0096,1.0096,1.0,1.0,1.0096
16,807418,003567,2017-03-24,1.0112,1.0112,1.0,1.0,1.0112
17,807419,003567,2017-03-27,1.0066,1.0066,1.0,1.0,1.0066
18,807420,003567,2017-03-28,1.0066,1.0066,1.0,1.0,1.0066
19,807421,003567,2017-03-29,1.0054,1.0054,1.0,1.0,1.0054
20,807422,003567,2017-03-30,1.0011,1.0011,1.0,1.0,1.0011
21,807423,003567,2017-03-31,1.0045,1.0045,1.0,1.0,1.0045
22,807424,003567,2017-04-05,1.0117,1.0117,1.0,1.0,1.0117
23,807425,003567,2017-04-06,1.0143,1.0143,1.0,1.0,1.0143
24,807426,003567,2017-04-07,1.0113,1.0113,1.0,1.0,1.0113
25,807427,003567,2017-04-10,1.0045,1.0045,1.0,1.0,1.0045
26,807428,003567,2017-04-11,1.0035,1.0035,1.0,1.0,1.0035
27,807429,003567,2017-04-12,1.0031,1.0031,1.0,1.0,1.0031
28,807430,003567,2017-04-13,1.006,1.006,1.0,1.0,1.006
29,807431,003567,2017-04-14,1.0003,1.0003,1.0,1.0,1.0003
30,807432,003567,2017-04-17,1.0009,1.0009,1.0,1.0,1.0009
31,807433,003567,2017-04-18,1.0035,1.0035,1.0,1.0,1.0035
32,807434,003567,2017-04-19,1.0041,1.0041,1.0,1.0,1.0041
33,807435,003567,2017-04-20,1.0082,1.0082,1.0,1.0,1.0082
34,807436,003567,2017-04-21,0.9995,0.9995,1.0,1.0,0.9995
35,807437,003567,2017-04-24,0.9927,0.9927,1.0,1.0,0.9927
36,807438,003567,2017-04-25,0.9921,0.9921,1.0,1.0,0.9921
37,807439,003567,2017-04-26,0.9889,0.9889,1.0,1.0,0.9889
38,807440,003567,2017-04-27,0.9941,0.9941,1.0,1.0,0.9941
39,807441,003567,2017-04-28,0.9876,0.9876,1.0,1.0,0.9876
40,807442,003567,2017-05-02,0.9849,0.9849,1.0,1.0,0.9849
41,807443,003567,2017-05-03,0.9819,0.9819,1.0,1.0,0.9819
42,807444,003567,2017-05-04,0.9789,0.9789,1.0,1.0,0.9789
43,807445,003567,2017-05-05,0.9747,0.9747,1.0,1.0,0.9747
44,807446,003567,2017-05-08,0.9693,0.9693,1.0,1.0,0.9693
45,807447,003567,2017-05-09,0.97,0.97,1.0,1.0,0.97
46,807448,003567,2017-05-10,0.9655,0.9655,1.0,1.0,0.9655
47,807449,003567,2017-05-11,0.966,0.966,1.0,1.0,0.966
48,807450,003567,2017-05-12,0.9669,0.9669,1.0,1.0,0.9669
49,807451,003567,2017-05-15,0.9706,0.9706,1.0,1.0,0.9706
50,807452,003567,2017-05-16,0.9781,0.9781,1.0,1.0,0.9781
51,807453,003567,2017-05-17,0.9764,0.9764,1.0,1.0,0.9764
52,807454,003567,2017-05-18,0.9762,0.9762,1.0,1.0,0.9762
53,807455,003567,2017-05-19,0.9773,0.9773,1.0,1.0,0.9773
54,807456,003567,2017-05-22,0.9747,0.9747,1.0,1.0,0.9747
55,807457,003567,2017-05-23,0.9711,0.9711,1.0,1.0,0.9711
56,807458,003567,2017-05-24,0.971,0.971,1.0,1.0,0.971
57,807459,003567,2017-05-25,0.9716,0.9716,1.0,1.0,0.9716
58,807460,003567,2017-05-26,0.9708,0.9708,1.0,1.0,0.9708
59,807461,003567,2017-05-31,0.9726,0.9726,1.0,1.0,0.9726
60,807462,003567,2017-06-01,0.967,0.967,1.0,1.0,0.967
61,807463,003567,2017-06-02,0.9661,0.9661,1.0,1.0,0.9661
62,807464,003567,2017-06-05,0.9682,0.9682,1.0,1.0,0.9682
63,807465,003567,2017-06-06,0.9726,0.9726,1.0,1.0,0.9726
64,807466,003567,2017-06-07,0.9822,0.9822,1.0,1.0,0.9822
65,807467,003567,2017-06-08,0.9857,0.9857,1.0,1.0,0.9857
66,807468,003567,2017-06-09,0.9888,0.9888,1.0,1.0,0.9888
67,807469,003567,2017-06-12,0.9866,0.9866,1.0,1.0,0.9866
68,807470,003567,2017-06-13,0.991,0.991,1.0,1.0,0.991
69,807471,003567,2017-06-14,0.9876,0.9876,1.0,1.0,0.9876
70,807472,003567,2017-06-15,0.9916,0.9916,1.0,1.0,0.9916
71,807473,003567,2017-06-16,0.9891,0.9891,1.0,1.0,0.9891
72,807474,003567,2017-06-19,0.9911,0.9911,1.0,1.0,0.9911
73,807475,003567,2017-06-20,0.991,0.991,1.0,1.0,0.991
74,807476,003567,2017-06-21,0.9932,0.9932,1.0,1.0,0.9932
75,807477,003567,2017-06-22,0.9887,0.9887,1.0,1.0,0.9887
76,807478,003567,2017-06-23,0.9891,0.9891,1.0,1.0,0.9891
77,807479,003567,2017-06-26,1.0026,1.0026,1.0,1.0,1.0026
78,807480,003567,2017-06-27,1.0014,1.0014,1.0,1.0,1.0014
79,807481,003567,2017-06-28,0.9971,0.9971,1.0,1.0,0.9971
80,807482,003567,2017-06-29,1.0007,1.0007,1.0,1.0,1.0007
81,807483,003567,2017-06-30,1.0028,1.0028,1.0,1.0,1.0028
82,807484,003567,2017-07-03,1.0067,1.0067,1.0,1.0,1.0067
83,807485,003567,2017-07-04,1.0021,1.0021,1.0,1.0,1.0021
84,807486,003567,2017-07-05,1.0071,1.0071,1.0,1.0,1.0071
85,807487,003567,2017-07-06,1.0097,1.0097,1.0,1.0,1.0097
86,807488,003567,2017-07-07,1.0101,1.0101,1.0,1.0,1.0101
87,807489,003567,2017-07-10,1.0073,1.0073,1.0,1.0,1.0073
88,807490,003567,2017-07-11,1.0029,1.0029,1.0,1.0,1.0029
89,807491,003567,2017-07-12,1.0014,1.0014,1.0,1.0,1.0014
90,807492,003567,2017-07-13,1.0035,1.0035,1.0,1.0,1.0035
91,807493,003567,2017-07-14,1.0067,1.0067,1.0,1.0,1.0067
92,807494,003567,2017-07-17,0.9922,0.9922,1.0,1.0,0.9922
93,807495,003567,2017-07-18,0.9966,0.9966,1.0,1.0,0.9966
94,807496,003567,2017-07-19,1.0058,1.0058,1.0,1.0,1.0058
95,807497,003567,2017-07-20,1.0068,1.0068,1.0,1.0,1.0068
96,807498,003567,2017-07-21,1.0089,1.0089,1.0,1.0,1.0089
97,807499,003567,2017-07-24,1.0124,1.0124,1.0,1.0,1.0124
98,807500,003567,2017-07-25,1.009,1.009,1.0,1.0,1.009
99,807501,003567,2017-07-26,1.0023,1.0023,1.0,1.0,1.0023
100,807502,003567,2017-07-27,1.0071,1.0071,1.0,1.0,1.0071
101,807503,003567,2017-07-28,1.0118,1.0118,1.0,1.0,1.0118
102,807504,003567,2017-07-31,1.0193,1.0193,1.0,1.0,1.0193
103,807505,003567,2017-08-01,1.0221,1.0221,1.0,1.0,1.0221
104,807506,003567,2017-08-02,1.0176,1.0176,1.0,1.0,1.0176
105,807507,003567,2017-08-03,1.0135,1.0135,1.0,1.0,1.0135
106,807508,003567,2017-08-04,1.0124,1.0124,1.0,1.0,1.0124
107,807509,003567,2017-08-07,1.0195,1.0195,1.0,1.0,1.0195
108,807510,003567,2017-08-08,1.0187,1.0187,1.0,1.0,1.0187
109,807511,003567,2017-08-09,1.0207,1.0207,1.0,1.0,1.0207
110,807512,003567,2017-08-10,1.0189,1.0189,1.0,1.0,1.0189
111,807513,003567,2017-08-11,1.006,1.006,1.0,1.0,1.006
112,807514,003567,2017-08-14,1.0201,1.0201,1.0,1.0,1.0201
113,807515,003567,2017-08-15,1.0202,1.0202,1.0,1.0,1.0202
114,807516,003567,2017-08-16,1.0214,1.0214,1.0,1.0,1.0214
115,807517,003567,2017-08-17,1.0237,1.0237,1.0,1.0,1.0237
116,807518,003567,2017-08-18,1.0219,1.0219,1.0,1.0,1.0219
117,807519,003567,2017-08-21,1.029,1.029,1.0,1.0,1.029
118,807520,003567,2017-08-22,1.0271,1.0271,1.0,1.0,1.0271
119,807521,003567,2017-08-23,1.0245,1.0245,1.0,1.0,1.0245
120,807522,003567,2017-08-24,1.0198,1.0198,1.0,1.0,1.0198
121,807523,003567,2017-08-25,1.0271,1.0271,1.0,1.0,1.0271
122,807524,003567,2017-08-28,1.0351,1.0351,1.0,1.0,1.0351
123,807525,003567,2017-08-29,1.0353,1.0353,1.0,1.0,1.0353
124,807526,003567,2017-08-30,1.0361,1.0361,1.0,1.0,1.0361
125,807527,003567,2017-08-31,1.0343,1.0343,1.0,1.0,1.0343
126,807528,003567,2017-09-01,1.0373,1.0373,1.0,1.0,1.0373
127,807529,003567,2017-09-04,1.0441,1.0441,1.0,1.0,1.0441
128,807530,003567,2017-09-05,1.0424,1.0424,1.0,1.0,1.0424
129,807531,003567,2017-09-06,1.0386,1.0386,1.0,1.0,1.0386
130,807532,003567,2017-09-07,1.0328,1.0328,1.0,1.0,1.0328
131,807533,003567,2017-09-08,1.0338,1.0338,1.0,1.0,1.0338
132,807534,003567,2017-09-11,1.0379,1.0379,1.0,1.0,1.0379
133,807535,003567,2017-09-12,1.0432,1.0432,1.0,1.0,1.0432
134,807536,003567,2017-09-13,1.0438,1.0438,1.0,1.0,1.0438
135,807537,003567,2017-09-14,1.0452,1.0452,1.0,1.0,1.0452
136,807538,003567,2017-09-15,1.0434,1.0434,1.0,1.0,1.0434
137,807539,003567,2017-09-18,1.0521,1.0521,1.0,1.0,1.0521
138,807540,003567,2017-09-19,1.0474,1.0474,1.0,1.0,1.0474
139,807541,003567,2017-09-20,1.0488,1.0488,1.0,1.0,1.0488
140,807542,003567,2017-09-21,1.048,1.048,1.0,1.0,1.048
141,807543,003567,2017-09-22,1.0479,1.0479,1.0,1.0,1.0479
142,807544,003567,2017-09-25,1.0415,1.0415,1.0,1.0,1.0415
143,807545,003567,2017-09-26,1.0401,1.0401,1.0,1.0,1.0401
144,807546,003567,2017-09-27,1.0385,1.0385,1.0,1.0,1.0385
145,807547,003567,2017-09-28,1.0442,1.0442,1.0,1.0,1.0442
146,807548,003567,2017-09-29,1.0474,1.0474,1.0,1.0,1.0474
147,807549,003567,2017-10-09,1.0597,1.0597,1.0,1.0,1.0597
148,807550,003567,2017-10-10,1.0692,1.0692,1.0,1.0,1.0692
149,807551,003567,2017-10-11,1.0746,1.0746,1.0,1.0,1.0746
150,807552,003567,2017-10-12,1.0754,1.0754,1.0,1.0,1.0754
151,807553,003567,2017-10-13,1.0813,1.0813,1.0,1.0,1.0813
152,807554,003567,2017-10-16,1.0777,1.0777,1.0,1.0,1.0777
153,807555,003567,2017-10-17,1.0834,1.0834,1.0,1.0,1.0834
154,807556,003567,2017-10-18,1.0904,1.0904,1.0,1.0,1.0904
155,807557,003567,2017-10-19,1.0872,1.0872,1.0,1.0,1.0872
156,807558,003567,2017-10-20,1.087,1.087,1.0,1.0,1.087
157,807559,003567,2017-10-23,1.0993,1.0993,1.0,1.0,1.0993
158,807560,003567,2017-10-24,1.0969,1.0969,1.0,1.0,1.0969
159,807561,003567,2017-10-25,1.1053,1.1053,1.0,1.0,1.1053
160,807562,003567,2017-10-26,1.1062,1.1062,1.0,1.0,1.1062
161,807563,003567,2017-10-27,1.1142,1.1142,1.0,1.0,1.1142
162,807564,003567,2017-10-30,1.107,1.107,1.0,1.0,1.107
163,807565,003567,2017-10-31,1.1021,1.1021,1.0,1.0,1.1021
164,807566,003567,2017-11-01,1.0923,1.0923,1.0,1.0,1.0923
165,807567,003567,2017-11-02,1.0867,1.0867,1.0,1.0,1.0867
166,807568,003567,2017-11-03,1.086,1.086,1.0,1.0,1.086
167,807569,003567,2017-11-06,1.1038,1.1038,1.0,1.0,1.1038
168,807570,003567,2017-11-07,1.1051,1.1051,1.0,1.0,1.1051
169,807571,003567,2017-11-08,1.1057,1.1057,1.0,1.0,1.1057
170,807572,003567,2017-11-09,1.1083,1.1083,1.0,1.0,1.1083
171,807573,003567,2017-11-10,1.1313,1.1313,1.0,1.0,1.1313
172,807574,003567,2017-11-13,1.1345,1.1345,1.0,1.0,1.1345
173,807575,003567,2017-11-14,1.1192,1.1192,1.0,1.0,1.1192
174,807576,003567,2017-11-15,1.1135,1.1135,1.0,1.0,1.1135
175,807577,003567,2017-11-16,1.1208,1.1208,1.0,1.0,1.1208
176,807578,003567,2017-11-17,1.1131,1.1131,1.0,1.0,1.1131
177,807579,003567,2017-11-20,1.1247,1.1247,1.0,1.0,1.1247
178,807580,003567,2017-11-21,1.1324,1.1324,1.0,1.0,1.1324
179,807581,003567,2017-11-22,1.1265,1.1265,1.0,1.0,1.1265
180,807582,003567,2017-11-23,1.095,1.095,1.0,1.0,1.095
181,807583,003567,2017-11-24,1.0948,1.0948,1.0,1.0,1.0948
182,807584,003567,2017-11-27,1.0804,1.0804,1.0,1.0,1.0804
183,807585,003567,2017-11-28,1.0826,1.0826,1.0,1.0,1.0826
184,807586,003567,2017-11-29,1.0767,1.0767,1.0,1.0,1.0767
185,807587,003567,2017-11-30,1.0708,1.0708,1.0,1.0,1.0708
186,807588,003567,2017-12-01,1.0711,1.0711,1.0,1.0,1.0711
187,807589,003567,2017-12-04,1.0801,1.0801,1.0,1.0,1.0801
188,807590,003567,2017-12-05,1.0811,1.0811,1.0,1.0,1.0811
189,807591,003567,2017-12-06,1.0766,1.0766,1.0,1.0,1.0766
190,807592,003567,2017-12-07,1.0639,1.0639,1.0,1.0,1.0639
191,807593,003567,2017-12-08,1.0672,1.0672,1.0,1.0,1.0672
192,807594,003567,2017-12-11,1.0869,1.0869,1.0,1.0,1.0869
193,807595,003567,2017-12-12,1.0809,1.0809,1.0,1.0,1.0809
194,807596,003567,2017-12-13,1.0935,1.0935,1.0,1.0,1.0935
195,807597,003567,2017-12-14,1.0951,1.0951,1.0,1.0,1.0951
196,807598,003567,2017-12-15,1.0875,1.0875,1.0,1.0,1.0875
197,807599,003567,2017-12-18,1.0894,1.0894,1.0,1.0,1.0894
198,807600,003567,2017-12-19,1.1002,1.1002,1.0,1.0,1.1002
199,807601,003567,2017-12-20,1.1062,1.1062,1.0,1.0,1.1062
200,807602,003567,2017-12-21,1.1155,1.1155,1.0,1.0,1.1155
201,807603,003567,2017-12-22,1.1138,1.1138,1.0,1.0,1.1138
202,807604,003567,2017-12-25,1.114,1.114,1.0,1.0,1.114
203,807605,003567,2017-12-26,1.1161,1.1161,1.0,1.0,1.1161
204,807606,003567,2017-12-27,1.0987,1.0987,1.0,1.0,1.0987
205,807607,003567,2017-12-28,1.1089,1.1089,1.0,1.0,1.1089
206,807608,003567,2017-12-29,1.1141,1.1141,1.0,1.0,1.1141
207,807609,003567,2017-12-31,1.114,1.114,1.0,1.0,1.114
208,807610,003567,2018-01-02,1.1259,1.1259,1.0,1.0,1.1259
209,807611,003567,2018-01-03,1.129,1.129,1.0,1.0,1.129
210,807612,003567,2018-01-04,1.1368,1.1368,1.0,1.0,1.1368
211,807613,003567,2018-01-05,1.1392,1.1392,1.0,1.0,1.1392
212,807614,003567,2018-01-08,1.1481,1.1481,1.0,1.0,1.1481
213,807615,003567,2018-01-09,1.1485,1.1485,1.0,1.0,1.1485
214,807616,003567,2018-01-10,1.1483,1.1483,1.0,1.0,1.1483
215,4861070,003567,2018-01-11,1.1486,1.1486,1.0,1.0,1.1486
216,4861071,003567,2018-01-12,1.1499,1.1499,1.0,1.0,1.1499
217,4861072,003567,2018-01-15,1.1375,1.1375,1.0,1.0,1.1375
218,4861073,003567,2018-01-16,1.1453,1.1453,1.0,1.0,1.1453
219,4861074,003567,2018-01-17,1.1233,1.1233,1.0,1.0,1.1233
220,4861075,003567,2018-01-18,1.1369,1.1369,1.0,1.0,1.1369
221,4861076,003567,2018-01-19,1.1409,1.1409,1.0,1.0,1.1409
222,4861077,003567,2018-01-22,1.1576,1.1576,1.0,1.0,1.1576
223,4861078,003567,2018-01-23,1.1641,1.1641,1.0,1.0,1.1641
224,4861079,003567,2018-01-24,1.1666,1.1666,1.0,1.0,1.1666
225,4861080,003567,2018-01-25,1.1653,1.1653,1.0,1.0,1.1653
226,4861081,003567,2018-01-26,1.1698,1.1698,1.0,1.0,1.1698
227,4861082,003567,2018-01-29,1.1557,1.1557,1.0,1.0,1.1557
228,4861083,003567,2018-01-30,1.1471,1.1471,1.0,1.0,1.1471
229,4861084,003567,2018-01-31,1.1446,1.1446,1.0,1.0,1.1446
230,4861085,003567,2018-02-01,1.1364,1.1364,1.0,1.0,1.1364
231,4861086,003567,2018-02-02,1.1499,1.1499,1.0,1.0,1.1499
232,4861087,003567,2018-02-05,1.1393,1.1393,1.0,1.0,1.1393
233,4861088,003567,2018-02-06,1.1078,1.1078,1.0,1.0,1.1078
234,4861089,003567,2018-02-07,1.0718,1.0718,1.0,1.0,1.0718
235,4861090,003567,2018-02-08,1.0772,1.0772,1.0,1.0,1.0772
236,4861091,003567,2018-02-09,1.0405,1.0405,1.0,1.0,1.0405
237,4861092,003567,2018-02-12,1.0715,1.0715,1.0,1.0,1.0715
238,4861093,003567,2018-02-13,1.0859,1.0859,1.0,1.0,1.0859
239,4861094,003567,2018-02-14,1.0965,1.0965,1.0,1.0,1.0965
240,4861095,003567,2018-02-22,1.1201,1.1201,1.0,1.0,1.1201
241,4861096,003567,2018-02-23,1.1203,1.1203,1.0,1.0,1.1203
242,4861097,003567,2018-02-26,1.1283,1.1283,1.0,1.0,1.1283
243,4861098,003567,2018-02-27,1.1145,1.1145,1.0,1.0,1.1145
244,4861099,003567,2018-02-28,1.1078,1.1078,1.0,1.0,1.1078
245,4861100,003567,2018-03-01,1.1201,1.1201,1.0,1.0,1.1201
246,5065811,003567,2018-03-02,1.1081,1.1081,1.0,1.0,1.1081
247,5065812,003567,2018-03-05,1.1031,1.1031,1.0,1.0,1.1031
248,5125758,003567,2018-03-06,1.113,1.113,1.0,1.0,1.113
249,5134058,003567,2018-03-07,1.1049,1.1049,1.0,1.0,1.1049
250,5134059,003567,2018-03-08,1.1135,1.1135,1.0,1.0,1.1135
251,5149023,003567,2018-03-09,1.1241,1.1241,1.0,1.0,1.1241
252,6462727,003567,2018-03-12,1.1302,1.1302,1.0,1.0,1.1302
253,6502408,003567,2018-03-13,1.1202,1.1202,1.0,1.0,1.1202
254,6533536,003567,2018-03-14,1.1193,1.1193,1.0,1.0,1.1193
255,6550193,003567,2018-03-15,1.1294,1.1294,1.0,1.0,1.1294
256,6562538,003567,2018-03-16,1.1203,1.1203,1.0,1.0,1.1203
257,6586153,003567,2018-03-19,1.1236,1.1236,1.0,1.0,1.1236
258,6607657,003567,2018-03-20,1.1215,1.1215,1.0,1.0,1.1215
259,6622911,003567,2018-03-21,1.1149,1.1149,1.0,1.0,1.1149
260,6645667,003567,2018-03-22,1.1056,1.1056,1.0,1.0,1.1056
261,6657857,003567,2018-03-23,1.0747,1.0747,1.0,1.0,1.0747
262,6701487,003567,2018-03-26,1.0803,1.0803,1.0,1.0,1.0803
263,6720936,003567,2018-03-27,1.0914,1.0914,1.0,1.0,1.0914
264,6738133,003567,2018-03-28,1.0784,1.0784,1.0,1.0,1.0784
265,6759710,003567,2018-03-29,1.0868,1.0868,1.0,1.0,1.0868
266,6770731,003567,2018-03-30,1.0969,1.0969,1.0,1.0,1.0969
267,6817668,003567,2018-04-02,1.0909,1.0909,1.0,1.0,1.0909
268,6834115,003567,2018-04-03,1.087,1.087,1.0,1.0,1.087
269,6854342,003567,2018-04-04,1.0883,1.0883,1.0,1.0,1.0883
270,6913570,003567,2018-04-09,1.0889,1.0889,1.0,1.0,1.0889
271,6928316,003567,2018-04-10,1.0936,1.0936,1.0,1.0,1.0936
272,6952109,003567,2018-04-11,1.0974,1.0974,1.0,1.0,1.0974
273,6968398,003567,2018-04-12,1.094,1.094,1.0,1.0,1.094
274,6979231,003567,2018-04-13,1.0924,1.0924,1.0,1.0,1.0924
275,7023833,003567,2018-04-16,1.0868,1.0868,1.0,1.0,1.0868
276,7040169,003567,2018-04-17,1.0654,1.0654,1.0,1.0,1.0654
277,7058416,003567,2018-04-18,1.075,1.075,1.0,1.0,1.075
278,7073327,003567,2018-04-19,1.0878,1.0878,1.0,1.0,1.0878
279,7088992,003567,2018-04-20,1.0663,1.0663,1.0,1.0,1.0663
280,7128806,003567,2018-04-23,1.0561,1.0561,1.0,1.0,1.0561
281,7144603,003567,2018-04-24,1.0787,1.0787,1.0,1.0,1.0787
282,7161032,003567,2018-04-25,1.0796,1.0796,1.0,1.0,1.0796
283,7169097,003567,2018-04-26,1.0643,1.0643,1.0,1.0,1.0643
284,7182347,003567,2018-04-27,1.067,1.067,1.0,1.0,1.067
285,7251033,003567,2018-05-02,1.0724,1.0724,1.0,1.0,1.0724
286,7264548,003567,2018-05-03,1.0803,1.0803,1.0,1.0,1.0803
287,7282282,003567,2018-05-04,1.0799,1.0799,1.0,1.0,1.0799
288,7322698,003567,2018-05-07,1.0932,1.0932,1.0,1.0,1.0932
289,7341657,003567,2018-05-08,1.0957,1.0957,1.0,1.0,1.0957
290,7360418,003567,2018-05-09,1.096,1.096,1.0,1.0,1.096
291,7376512,003567,2018-05-10,1.0964,1.0964,1.0,1.0,1.0964
292,7391912,003567,2018-05-11,1.1033,1.1033,1.0,1.0,1.1033
293,7431579,003567,2018-05-14,1.1191,1.1191,1.0,1.0,1.1191
294,7451550,003567,2018-05-15,1.1255,1.1255,1.0,1.0,1.1255
295,7481265,003567,2018-05-16,1.1205,1.1205,1.0,1.0,1.1205
296,7491723,003567,2018-05-17,1.111,1.111,1.0,1.0,1.111
297,7516632,003567,2018-05-18,1.1149,1.1149,1.0,1.0,1.1149
298,7534743,003567,2018-05-21,1.1238,1.1238,1.0,1.0,1.1238
299,7554725,003567,2018-05-22,1.1262,1.1262,1.0,1.0,1.1262
300,7574922,003567,2018-05-23,1.1147,1.1147,1.0,1.0,1.1147
301,7574923,003567,2018-05-24,1.1097,1.1097,1.0,1.0,1.1097
302,7589021,003567,2018-05-25,1.0962,1.0962,1.0,1.0,1.0962
303,7634699,003567,2018-05-28,1.1076,1.1076,1.0,1.0,1.1076
304,7653025,003567,2018-05-29,1.1015,1.1015,1.0,1.0,1.1015
305,7675068,003567,2018-05-30,1.0911,1.0911,1.0,1.0,1.0911
306,7694744,003567,2018-05-31,1.1136,1.1136,1.0,1.0,1.1136
307,7703321,003567,2018-06-01,1.0996,1.0996,1.0,1.0,1.0996
308,7749870,003567,2018-06-04,1.0986,1.0986,1.0,1.0,1.0986
309,7764453,003567,2018-06-05,1.1131,1.1131,1.0,1.0,1.1131
310,7772823,003567,2018-06-06,1.1095,1.1095,1.0,1.0,1.1095
311,7805726,003567,2018-06-07,1.1038,1.1038,1.0,1.0,1.1038
312,7851467,003567,2018-06-08,1.0967,1.0967,1.0,1.0,1.0967
313,7851468,003567,2018-06-11,1.0948,1.0948,1.0,1.0,1.0948
314,7874999,003567,2018-06-12,1.1071,1.1071,1.0,1.0,1.1071
315,7894555,003567,2018-06-13,1.096,1.096,1.0,1.0,1.096
316,7912476,003567,2018-06-14,1.088,1.088,1.0,1.0,1.088
317,7922039,003567,2018-06-15,1.0827,1.0827,1.0,1.0,1.0827
318,7992423,003567,2018-06-19,1.0439,1.0439,1.0,1.0,1.0439
319,8012432,003567,2018-06-20,1.0579,1.0579,1.0,1.0,1.0579
320,8029889,003567,2018-06-21,1.0435,1.0435,1.0,1.0,1.0435
321,8036853,003567,2018-06-22,1.0503,1.0503,1.0,1.0,1.0503
322,8073637,003567,2018-06-25,1.0382,1.0382,1.0,1.0,1.0382
323,8093943,003567,2018-06-26,1.0358,1.0358,1.0,1.0,1.0358
324,8188537,003567,2018-06-27,1.0173,1.0173,1.0,1.0,1.0173
325,8207280,003567,2018-06-28,1.0063,1.0063,1.0,1.0,1.0063
326,8217288,003567,2018-06-29,1.0365,1.0365,1.0,1.0,1.0365
327,8217289,003567,2018-06-30,1.0364,1.0364,1.0,1.0,1.0364
328,8252432,003567,2018-07-02,1.0229,1.0229,1.0,1.0,1.0229
329,8265192,003567,2018-07-03,1.027,1.027,1.0,1.0,1.027
330,8291491,003567,2018-07-04,1.0077,1.0077,1.0,1.0,1.0077
331,8311458,003567,2018-07-05,0.9941,0.9941,1.0,1.0,0.9941
332,8318305,003567,2018-07-06,1.0013,1.0013,1.0,1.0,1.0013
333,8350229,003567,2018-07-09,1.0263,1.0263,1.0,1.0,1.0263
334,8366985,003567,2018-07-10,1.0299,1.0299,1.0,1.0,1.0299
335,8380869,003567,2018-07-11,1.027,1.027,1.0,1.0,1.027
336,8401579,003567,2018-07-12,1.0444,1.0444,1.0,1.0,1.0444
337,8411325,003567,2018-07-13,1.0519,1.0519,1.0,1.0,1.0519
338,8444779,003567,2018-07-16,1.0537,1.0537,1.0,1.0,1.0537
339,8461882,003567,2018-07-17,1.0532,1.0532,1.0,1.0,1.0532
340,8475545,003567,2018-07-18,1.0535,1.0535,1.0,1.0,1.0535
341,8481335,003567,2018-07-19,1.055,1.055,1.0,1.0,1.055
342,8492267,003567,2018-07-20,1.0603,1.0603,1.0,1.0,1.0603
343,8527300,003567,2018-07-23,1.0654,1.0654,1.0,1.0,1.0654
344,8531933,003567,2018-07-24,1.0736,1.0736,1.0,1.0,1.0736
345,8545701,003567,2018-07-25,1.0715,1.0715,1.0,1.0,1.0715
346,8565704,003567,2018-07-26,1.0557,1.0557,1.0,1.0,1.0557
347,8570974,003567,2018-07-27,1.0547,1.0547,1.0,1.0,1.0547
348,8592737,003567,2018-07-30,1.0433,1.0433,1.0,1.0,1.0433
349,8614190,003567,2018-07-31,1.0485,1.0485,1.0,1.0,1.0485
350,8624610,003567,2018-08-01,1.0366,1.0366,1.0,1.0,1.0366
351,8640615,003567,2018-08-02,1.0156,1.0156,1.0,1.0,1.0156
352,8650335,003567,2018-08-03,0.9997,0.9997,1.0,1.0,0.9997
353,8678037,003567,2018-08-06,0.9811,0.9811,1.0,1.0,0.9811
354,8690322,003567,2018-08-07,1.0038,1.0038,1.0,1.0,1.0038
355,8704203,003567,2018-08-08,0.9854,0.9854,1.0,1.0,0.9854
356,8725966,003567,2018-08-09,1.0026,1.0026,1.0,1.0,1.0026
357,8735005,003567,2018-08-10,1.007,1.007,1.0,1.0,1.007
358,8760755,003567,2018-08-13,1.0086,1.0086,1.0,1.0,1.0086
359,8774502,003567,2018-08-14,1.0034,1.0034,1.0,1.0,1.0034
360,8788755,003567,2018-08-15,0.984,0.984,1.0,1.0,0.984
361,8807540,003567,2018-08-16,0.9738,0.9738,1.0,1.0,0.9738
362,8814269,003567,2018-08-17,0.9652,0.9652,1.0,1.0,0.9652
363,8852214,003567,2018-08-20,0.9682,0.9682,1.0,1.0,0.9682
364,8859678,003567,2018-08-21,0.9867,0.9867,1.0,1.0,0.9867
365,8886484,003567,2018-08-22,0.9757,0.9757,1.0,1.0,0.9757
366,8893338,003567,2018-08-23,0.9833,0.9833,1.0,1.0,0.9833
367,8899150,003567,2018-08-24,0.9786,0.9786,1.0,1.0,0.9786
368,8934106,003567,2018-08-27,1.0005,1.0005,1.0,1.0,1.0005
369,8945646,003567,2018-08-28,1.0076,1.0076,1.0,1.0,1.0076
370,8955685,003567,2018-08-29,1.0034,1.0034,1.0,1.0,1.0034
371,8971206,003567,2018-08-30,0.992,0.992,1.0,1.0,0.992
372,8979648,003567,2018-08-31,0.9868,0.9868,1.0,1.0,0.9868
373,9009314,003567,2018-09-03,0.9941,0.9941,1.0,1.0,0.9941
374,9009315,003567,2018-09-04,1.0018,1.0018,1.0,1.0,1.0018
375,9045092,003567,2018-09-05,0.9886,0.9886,1.0,1.0,0.9886
376,9060741,003567,2018-09-06,0.9818,0.9818,1.0,1.0,0.9818
377,9068878,003567,2018-09-07,0.9795,0.9795,1.0,1.0,0.9795
378,9100526,003567,2018-09-10,0.9646,0.9646,1.0,1.0,0.9646
379,9109486,003567,2018-09-11,0.968,0.968,1.0,1.0,0.968
380,9123259,003567,2018-09-12,0.9619,0.9619,1.0,1.0,0.9619
381,9145698,003567,2018-09-13,0.9677,0.9677,1.0,1.0,0.9677
382,9145699,003567,2018-09-14,0.9583,0.9583,1.0,1.0,0.9583
383,9185220,003567,2018-09-17,0.9519,0.9519,1.0,1.0,0.9519
384,9198224,003567,2018-09-18,0.963,0.963,1.0,1.0,0.963
385,9212302,003567,2018-09-19,0.9764,0.9764,1.0,1.0,0.9764
386,9229440,003567,2018-09-20,0.976,0.976,1.0,1.0,0.976
387,9236392,003567,2018-09-21,0.9921,0.9921,1.0,1.0,0.9921
388,9271350,003567,2018-09-25,0.9894,0.9894,1.0,1.0,0.9894
389,9286388,003567,2018-09-26,0.9969,0.9969,1.0,1.0,0.9969
390,9300245,003567,2018-09-27,0.993,0.993,1.0,1.0,0.993
391,9310807,003567,2018-09-28,0.9986,0.9986,1.0,1.0,0.9986
392,9518980,003567,2018-10-08,0.9761,0.9761,1.0,1.0,0.9761
393,9609727,003567,2018-10-09,0.9762,0.9762,1.0,1.0,0.9762
394,9696858,003567,2018-10-10,0.9724,0.9724,1.0,1.0,0.9724
395,9826613,003567,2018-10-11,0.9415,0.9415,1.0,1.0,0.9415
396,9971066,003567,2018-10-12,0.9559,0.9559,1.0,1.0,0.9559
397,10416607,003567,2018-10-15,0.9401,0.9401,1.0,1.0,0.9401
398,10510347,003567,2018-10-16,0.9257,0.9257,1.0,1.0,0.9257
399,10540409,003567,2018-10-17,0.9229,0.9229,1.0,1.0,0.9229
400,10547352,003567,2018-10-18,0.9069,0.9069,1.0,1.0,0.9069
401,10554765,003567,2018-10-19,0.9352,0.9352,1.0,1.0,0.9352
402,10562608,003567,2018-10-22,0.9766,0.9766,1.0,1.0,0.9766
403,10571771,003567,2018-10-23,0.9609,0.9609,1.0,1.0,0.9609
404,10576881,003567,2018-10-24,0.9577,0.9577,1.0,1.0,0.9577
405,10585612,003567,2018-10-25,0.957,0.957,1.0,1.0,0.957
406,10591888,003567,2018-10-26,0.9516,0.9516,1.0,1.0,0.9516
407,10600261,003567,2018-10-29,0.9335,0.9335,1.0,1.0,0.9335
408,10609281,003567,2018-10-30,0.9491,0.9491,1.0,1.0,0.9491
409,10616328,003567,2018-10-31,0.9548,0.9548,1.0,1.0,0.9548
410,10623756,003567,2018-11-01,0.9595,0.9595,1.0,1.0,0.9595
411,10631966,003567,2018-11-02,0.98,0.98,1.0,1.0,0.98
412,10641496,003567,2018-11-05,0.9772,0.9772,1.0,1.0,0.9772
413,10650980,003567,2018-11-06,0.9765,0.9765,1.0,1.0,0.9765
414,10658741,003567,2018-11-07,0.9747,0.9747,1.0,1.0,0.9747
415,10663853,003567,2018-11-08,0.9685,0.9685,1.0,1.0,0.9685
416,10672609,003567,2018-11-09,0.9626,0.9626,1.0,1.0,0.9626
417,10681048,003567,2018-11-12,0.9819,0.9819,1.0,1.0,0.9819
418,10689338,003567,2018-11-13,0.9898,0.9898,1.0,1.0,0.9898
419,10696472,003567,2018-11-14,0.9848,0.9848,1.0,1.0,0.9848
420,10704538,003567,2018-11-15,0.9943,0.9943,1.0,1.0,0.9943
421,10711322,003567,2018-11-16,0.9963,0.9963,1.0,1.0,0.9963
422,10719464,003567,2018-11-19,1.0004,1.0004,1.0,1.0,1.0004
423,10728799,003567,2018-11-20,0.9883,0.9883,1.0,1.0,0.9883
424,10734938,003567,2018-11-21,0.9893,0.9893,1.0,1.0,0.9893
425,10741766,003567,2018-11-22,0.9866,0.9866,1.0,1.0,0.9866
426,10749509,003567,2018-11-23,0.9723,0.9723,1.0,1.0,0.9723
427,10757389,003567,2018-11-26,0.9674,0.9674,1.0,1.0,0.9674
428,10765444,003567,2018-11-27,0.9743,0.9743,1.0,1.0,0.9743
429,10773664,003567,2018-11-28,0.9823,0.9823,1.0,1.0,0.9823
430,10780025,003567,2018-11-29,0.9726,0.9726,1.0,1.0,0.9726
431,10787476,003567,2018-11-30,0.9778,0.9778,1.0,1.0,0.9778
432,10797080,003567,2018-12-03,1.0043,1.0043,1.0,1.0,1.0043
433,10804418,003567,2018-12-04,1.0102,1.0102,1.0,1.0,1.0102
434,10811549,003567,2018-12-05,1.008,1.008,1.0,1.0,1.008
435,10819233,003567,2018-12-06,0.9961,0.9961,1.0,1.0,0.9961
436,10827617,003567,2018-12-07,0.9947,0.9947,1.0,1.0,0.9947
437,10834737,003567,2018-12-10,0.9879,0.9879,1.0,1.0,0.9879
438,10841734,003567,2018-12-11,0.9908,0.9908,1.0,1.0,0.9908
439,10851501,003567,2018-12-12,0.9909,0.9909,1.0,1.0,0.9909
440,10858749,003567,2018-12-13,1.0015,1.0015,1.0,1.0,1.0015
441,10865085,003567,2018-12-14,0.9863,0.9863,1.0,1.0,0.9863
442,10873463,003567,2018-12-17,0.9819,0.9819,1.0,1.0,0.9819
443,10881345,003567,2018-12-18,0.9764,0.9764,1.0,1.0,0.9764
444,10888868,003567,2018-12-19,0.966,0.966,1.0,1.0,0.966
445,10897066,003567,2018-12-20,0.9662,0.9662,1.0,1.0,0.9662
446,10909673,003567,2018-12-21,0.9663,0.9663,1.0,1.0,0.9663
447,10914485,003567,2018-12-24,0.9773,0.9773,1.0,1.0,0.9773
448,10921650,003567,2018-12-25,0.9796,0.9796,1.0,1.0,0.9796
449,10928798,003567,2018-12-26,0.9784,0.9784,1.0,1.0,0.9784
450,10936359,003567,2018-12-27,0.9769,0.9769,1.0,1.0,0.9769
451,10944251,003567,2018-12-28,0.9787,0.9787,1.0,1.0,0.9787
452,10953500,003567,2018-12-31,0.9786,0.9786,1.0,1.0,0.9786
453,10960171,003567,2019-01-02,0.9673,0.9673,1.0,1.0,0.9673
454,10970215,003567,2019-01-03,0.9557,0.9557,1.0,1.0,0.9557
455,10979604,003567,2019-01-04,0.9703,0.9703,1.0,1.0,0.9703
456,10990621,003567,2019-01-07,0.9812,0.9812,1.0,1.0,0.9812
457,10998976,003567,2019-01-08,0.9793,0.9793,1.0,1.0,0.9793
458,11006704,003567,2019-01-09,0.9821,0.9821,1.0,1.0,0.9821
459,11014481,003567,2019-01-10,0.9818,0.9818,1.0,1.0,0.9818
460,11021948,003567,2019-01-11,0.9804,0.9804,1.0,1.0,0.9804
461,11032915,003567,2019-01-14,0.973,0.973,1.0,1.0,0.973
462,11040874,003567,2019-01-15,0.981,0.981,1.0,1.0,0.981
463,11048206,003567,2019-01-16,0.9856,0.9856,1.0,1.0,0.9856
464,11055700,003567,2019-01-17,0.9792,0.9792,1.0,1.0,0.9792
465,11063810,003567,2019-01-18,0.9888,0.9888,1.0,1.0,0.9888
466,11071200,003567,2019-01-21,1.0003,1.0003,1.0,1.0,1.0003
467,11080108,003567,2019-01-22,0.9904,0.9904,1.0,1.0,0.9904
468,11087373,003567,2019-01-23,0.9935,0.9935,1.0,1.0,0.9935
469,11094779,003567,2019-01-24,0.995,0.995,1.0,1.0,0.995
470,11102007,003567,2019-01-25,0.9992,0.9992,1.0,1.0,0.9992
471,11110521,003567,2019-01-28,1.002,1.002,1.0,1.0,1.002
472,11119743,003567,2019-01-29,1.0057,1.0057,1.0,1.0,1.0057
473,11126375,003567,2019-01-30,0.9963,0.9963,1.0,1.0,0.9963
474,11134602,003567,2019-01-31,1.0002,1.0002,1.0,1.0,1.0002
475,11140763,003567,2019-02-01,1.0109,1.0109,1.0,1.0,1.0109
476,11156151,003567,2019-02-11,1.0328,1.0328,1.0,1.0,1.0328
477,11164910,003567,2019-02-12,1.0397,1.0397,1.0,1.0,1.0397
478,11173052,003567,2019-02-13,1.0497,1.0497,1.0,1.0,1.0497
479,11179516,003567,2019-02-14,1.0556,1.0556,1.0,1.0,1.0556
480,11186709,003567,2019-02-15,1.0456,1.0456,1.0,1.0,1.0456
481,11196602,003567,2019-02-18,1.0678,1.0678,1.0,1.0,1.0678
482,11203824,003567,2019-02-19,1.0677,1.0677,1.0,1.0,1.0677
483,11211745,003567,2019-02-20,1.0647,1.0647,1.0,1.0,1.0647
484,11218239,003567,2019-02-21,1.0607,1.0607,1.0,1.0,1.0607
485,11225600,003567,2019-02-22,1.0739,1.0739,1.0,1.0,1.0739
486,11234199,003567,2019-02-25,1.1039,1.1039,1.0,1.0,1.1039
487,11242422,003567,2019-02-26,1.0988,1.0988,1.0,1.0,1.0988
488,11250021,003567,2019-02-27,1.0944,1.0944,1.0,1.0,1.0944
489,11257155,003567,2019-02-28,1.0993,1.0993,1.0,1.0,1.0993
490,11265139,003567,2019-03-01,1.1063,1.1063,1.0,1.0,1.1063
491,11273305,003567,2019-03-04,1.1186,1.1186,1.0,1.0,1.1186
492,11281816,003567,2019-03-05,1.1297,1.1297,1.0,1.0,1.1297
493,11289088,003567,2019-03-06,1.1353,1.1353,1.0,1.0,1.1353
494,11296774,003567,2019-03-07,1.1307,1.1307,1.0,1.0,1.1307
495,11304495,003567,2019-03-08,1.1101,1.1101,1.0,1.0,1.1101
496,11314719,003567,2019-03-11,1.1397,1.1397,1.0,1.0,1.1397
497,11322562,003567,2019-03-12,1.1554,1.1554,1.0,1.0,1.1554
498,11333545,003567,2019-03-13,1.1378,1.1378,1.0,1.0,1.1378
499,11337221,003567,2019-03-14,1.1228,1.1228,1.0,1.0,1.1228
500,11344578,003567,2019-03-15,1.1375,1.1375,1.0,1.0,1.1375
501,11353906,003567,2019-03-18,1.1597,1.1597,1.0,1.0,1.1597
502,11362362,003567,2019-03-19,1.1612,1.1612,1.0,1.0,1.1612
503,11369853,003567,2019-03-20,1.1566,1.1566,1.0,1.0,1.1566
504,11377567,003567,2019-03-21,1.1619,1.1619,1.0,1.0,1.1619
505,11385170,003567,2019-03-22,1.1686,1.1686,1.0,1.0,1.1686
506,11394494,003567,2019-03-25,1.1566,1.1566,1.0,1.0,1.1566
507,11403078,003567,2019-03-26,1.146,1.146,1.0,1.0,1.146
508,11411145,003567,2019-03-27,1.1535,1.1535,1.0,1.0,1.1535
509,11418432,003567,2019-03-28,1.1565,1.1565,1.0,1.0,1.1565
510,11425095,003567,2019-03-29,1.1803,1.1803,1.0,1.0,1.1803
511,11436425,003567,2019-04-01,1.2117,1.2117,1.0,1.0,1.2117
512,11445402,003567,2019-04-02,1.2099,1.2099,1.0,1.0,1.2099
513,11452599,003567,2019-04-03,1.2175,1.2175,1.0,1.0,1.2175
514,11462192,003567,2019-04-04,1.2307,1.2307,1.0,1.0,1.2307
515,11474289,003567,2019-04-08,1.2203,1.2203,1.0,1.0,1.2203
516,11482073,003567,2019-04-09,1.2205,1.2205,1.0,1.0,1.2205
517,11490949,003567,2019-04-10,1.2194,1.2194,1.0,1.0,1.2194
518,11500349,003567,2019-04-11,1.2012,1.2012,1.0,1.0,1.2012
519,11507618,003567,2019-04-12,1.2029,1.2029,1.0,1.0,1.2029
520,11521254,003567,2019-04-15,1.1899,1.1899,1.0,1.0,1.1899
521,11526483,003567,2019-04-16,1.2022,1.2022,1.0,1.0,1.2022
522,11533998,003567,2019-04-17,1.2115,1.2115,1.0,1.0,1.2115
523,11541653,003567,2019-04-18,1.2123,1.2123,1.0,1.0,1.2123
524,11549568,003567,2019-04-19,1.2115,1.2115,1.0,1.0,1.2115
525,11558560,003567,2019-04-22,1.2014,1.2014,1.0,1.0,1.2014
526,11564822,003567,2019-04-23,1.2035,1.2035,1.0,1.0,1.2035
527,11576755,003567,2019-04-24,1.2082,1.2082,1.0,1.0,1.2082
528,11584603,003567,2019-04-25,1.1935,1.1935,1.0,1.0,1.1935
529,11588164,003567,2019-04-26,1.1914,1.1914,1.0,1.0,1.1914
530,11598750,003567,2019-04-29,1.184,1.184,1.0,1.0,1.184
531,11605484,003567,2019-04-30,1.1936,1.1936,1.0,1.0,1.1936
532,11619941,003567,2019-05-06,1.1438,1.1438,1.0,1.0,1.1438
533,11626670,003567,2019-05-07,1.1554,1.1554,1.0,1.0,1.1554
534,11631998,003567,2019-05-08,1.1352,1.1352,1.0,1.0,1.1352
535,11645160,003567,2019-05-09,1.1215,1.1215,1.0,1.0,1.1215
536,11651287,003567,2019-05-10,1.1586,1.1586,1.0,1.0,1.1586
537,11660781,003567,2019-05-13,1.1544,1.1544,1.0,1.0,1.1544
538,11669896,003567,2019-05-14,1.1485,1.1485,1.0,1.0,1.1485
539,11677535,003567,2019-05-15,1.1746,1.1746,1.0,1.0,1.1746
540,11685353,003567,2019-05-16,1.1749,1.1749,1.0,1.0,1.1749
541,11692059,003567,2019-05-17,1.1556,1.1556,1.0,1.0,1.1556
542,11702420,003567,2019-05-20,1.1438,1.1438,1.0,1.0,1.1438
543,11710077,003567,2019-05-21,1.1532,1.1532,1.0,1.0,1.1532
544,11717668,003567,2019-05-22,1.1487,1.1487,1.0,1.0,1.1487
545,11725376,003567,2019-05-23,1.1333,1.1333,1.0,1.0,1.1333
546,11733239,003567,2019-05-24,1.1264,1.1264,1.0,1.0,1.1264
547,11743103,003567,2019-05-27,1.1437,1.1437,1.0,1.0,1.1437
548,11752662,003567,2019-05-28,1.1523,1.1523,1.0,1.0,1.1523
549,11758969,003567,2019-05-29,1.1531,1.1531,1.0,1.0,1.1531
550,11767942,003567,2019-05-30,1.1546,1.1546,1.0,1.0,1.1546
551,11774949,003567,2019-05-31,1.1486,1.1486,1.0,1.0,1.1486
552,11785613,003567,2019-06-03,1.1446,1.1446,1.0,1.0,1.1446
553,11793065,003567,2019-06-04,1.1331,1.1331,1.0,1.0,1.1331
554,11802408,003567,2019-06-05,1.1316,1.1316,1.0,1.0,1.1316
555,11809670,003567,2019-06-06,1.124,1.124,1.0,1.0,1.124
556,11820048,003567,2019-06-10,1.1321,1.1321,1.0,1.0,1.1321
557,11826179,003567,2019-06-11,1.1589,1.1589,1.0,1.0,1.1589
558,11836876,003567,2019-06-12,1.1513,1.1513,1.0,1.0,1.1513
559,11844531,003567,2019-06-13,1.1498,1.1498,1.0,1.0,1.1498
560,11853918,003567,2019-06-14,1.1443,1.1443,1.0,1.0,1.1443
561,11862824,003567,2019-06-17,1.1427,1.1427,1.0,1.0,1.1427
562,11871411,003567,2019-06-18,1.147,1.147,1.0,1.0,1.147
563,11879845,003567,2019-06-19,1.1589,1.1589,1.0,1.0,1.1589
564,11887634,003567,2019-06-20,1.1825,1.1825,1.0,1.0,1.1825
565,11896104,003567,2019-06-21,1.1871,1.1871,1.0,1.0,1.1871
566,11907287,003567,2019-06-24,1.1919,1.1919,1.0,1.0,1.1919
567,11914726,003567,2019-06-25,1.1844,1.1844,1.0,1.0,1.1844
568,11927136,003567,2019-06-26,1.1874,1.1874,1.0,1.0,1.1874
569,11927137,003567,2019-06-27,1.2011,1.2011,1.0,1.0,1.2011
570,11943920,003567,2019-06-28,1.2013,1.2013,1.0,1.0,1.2013
571,11943921,003567,2019-06-30,1.2012,1.2012,1.0,1.0,1.2012
572,11955512,003567,2019-07-01,1.2226,1.2226,1.0,1.0,1.2226
573,11962904,003567,2019-07-02,1.2243,1.2243,1.0,1.0,1.2243
574,11972443,003567,2019-07-03,1.2143,1.2143,1.0,1.0,1.2143
575,11972444,003567,2019-07-04,1.2044,1.2044,1.0,1.0,1.2044
576,11992739,003567,2019-07-05,1.2137,1.2137,1.0,1.0,1.2137
577,11999666,003567,2019-07-08,1.1979,1.1979,1.0,1.0,1.1979
578,12018907,003567,2019-07-09,1.2004,1.2004,1.0,1.0,1.2004
579,12024328,003567,2019-07-10,1.1981,1.1981,1.0,1.0,1.1981
580,12034635,003567,2019-07-11,1.1985,1.1985,1.0,1.0,1.1985
581,12043110,003567,2019-07-12,1.2054,1.2054,1.0,1.0,1.2054
582,12055116,003567,2019-07-15,1.2091,1.2091,1.0,1.0,1.2091
583,12787819,003567,2019-07-16,1.2028,1.2028,1.0,1.0,1.2028
584,14946504,003567,2019-07-17,1.1999,1.1999,1.0,1.0,1.1999
585,15772789,003567,2019-07-18,1.195,1.195,1.0,1.0,1.195
586,15784823,003567,2019-07-19,1.2058,1.2058,1.0,1.0,1.2058
587,15792857,003567,2019-07-22,1.2003,1.2003,1.0,1.0,1.2003
588,15802834,003567,2019-07-23,1.1995,1.1995,1.0,1.0,1.1995
589,15811256,003567,2019-07-24,1.2062,1.2062,1.0,1.0,1.2062
590,15819644,003567,2019-07-25,1.2129,1.2129,1.0,1.0,1.2129
591,15827511,003567,2019-07-26,1.2143,1.2143,1.0,1.0,1.2143
592,15836596,003567,2019-07-29,1.213,1.213,1.0,1.0,1.213
593,15846920,003567,2019-07-30,1.2145,1.2145,1.0,1.0,1.2145
594,15854881,003567,2019-07-31,1.2082,1.2082,1.0,1.0,1.2082
595,15863363,003567,2019-08-01,1.2017,1.2017,1.0,1.0,1.2017
596,15871873,003567,2019-08-02,1.1961,1.1961,1.0,1.0,1.1961
597,15882458,003567,2019-08-05,1.1889,1.1889,1.0,1.0,1.1889
598,15890898,003567,2019-08-06,1.1854,1.1854,1.0,1.0,1.1854
599,15899849,003567,2019-08-07,1.1835,1.1835,1.0,1.0,1.1835
600,15907359,003567,2019-08-08,1.1906,1.1906,1.0,1.0,1.1906
601,15914608,003567,2019-08-09,1.1859,1.1859,1.0,1.0,1.1859
602,15924764,003567,2019-08-12,1.2025,1.2025,1.0,1.0,1.2025
603,15934039,003567,2019-08-13,1.204,1.204,1.0,1.0,1.204
604,15941845,003567,2019-08-14,1.2032,1.2032,1.0,1.0,1.2032
605,15949953,003567,2019-08-15,1.216,1.216,1.0,1.0,1.216
606,15958122,003567,2019-08-16,1.2177,1.2177,1.0,1.0,1.2177
607,15968183,003567,2019-08-19,1.2282,1.2282,1.0,1.0,1.2282
608,15976875,003567,2019-08-20,1.2259,1.2259,1.0,1.0,1.2259
609,15985410,003567,2019-08-21,1.2235,1.2235,1.0,1.0,1.2235
610,15993375,003567,2019-08-22,1.2188,1.2188,1.0,1.0,1.2188
611,16001430,003567,2019-08-23,1.228,1.228,1.0,1.0,1.228
612,16011228,003567,2019-08-26,1.2203,1.2203,1.0,1.0,1.2203
613,16021072,003567,2019-08-27,1.2321,1.2321,1.0,1.0,1.2321
614,16029487,003567,2019-08-28,1.2291,1.2291,1.0,1.0,1.2291
615,16037182,003567,2019-08-29,1.2301,1.2301,1.0,1.0,1.2301
616,16044847,003567,2019-08-30,1.2308,1.2308,1.0,1.0,1.2308
617,16053659,003567,2019-09-02,1.24,1.24,1.0,1.0,1.24
618,16062748,003567,2019-09-03,1.2498,1.2498,1.0,1.0,1.2498
619,16070954,003567,2019-09-04,1.2519,1.2519,1.0,1.0,1.2519
620,16239050,003567,2019-09-05,1.2545,1.2545,1.0,1.0,1.2545
621,17322758,003567,2019-09-06,1.2498,1.2498,1.0,1.0,1.2498
622,18241081,003567,2019-09-09,1.2563,1.2563,1.0,1.0,1.2563
623,19884136,003567,2019-09-10,1.2509,1.2509,1.0,1.0,1.2509
624,20366156,003567,2019-09-11,1.249,1.249,1.0,1.0,1.249
625,20374252,003567,2019-09-12,1.2538,1.2538,1.0,1.0,1.2538
626,20385373,003567,2019-09-16,1.2488,1.2488,1.0,1.0,1.2488
627,20394669,003567,2019-09-17,1.2375,1.2375,1.0,1.0,1.2375
628,20402789,003567,2019-09-18,1.2428,1.2428,1.0,1.0,1.2428
629,20410960,003567,2019-09-19,1.2431,1.2431,1.0,1.0,1.2431
630,20419263,003567,2019-09-20,1.248,1.248,1.0,1.0,1.248
631,20429312,003567,2019-09-23,1.2395,1.2395,1.0,1.0,1.2395
632,20438427,003567,2019-09-24,1.2449,1.2449,1.0,1.0,1.2449
633,20446519,003567,2019-09-25,1.2422,1.2422,1.0,1.0,1.2422
634,20454659,003567,2019-09-26,1.231,1.231,1.0,1.0,1.231
635,20462737,003567,2019-09-27,1.2311,1.2311,1.0,1.0,1.2311
636,20473036,003567,2019-09-30,1.2246,1.2246,1.0,1.0,1.2246
637,20487858,003567,2019-10-08,1.2307,1.2307,1.0,1.0,1.2307
638,20497537,003567,2019-10-09,1.2305,1.2305,1.0,1.0,1.2305
639,20506136,003567,2019-10-10,1.2438,1.2438,1.0,1.0,1.2438
640,20515077,003567,2019-10-11,1.2482,1.2482,1.0,1.0,1.2482
641,20526904,003567,2019-10-14,1.255,1.255,1.0,1.0,1.255
642,20536325,003567,2019-10-15,1.255,1.255,1.0,1.0,1.255
643,20544259,003567,2019-10-16,1.2484,1.2484,1.0,1.0,1.2484
644,20552612,003567,2019-10-17,1.2507,1.2507,1.0,1.0,1.2507
645,20560548,003567,2019-10-18,1.2404,1.2404,1.0,1.0,1.2404
646,20570007,003567,2019-10-21,1.2451,1.2451,1.0,1.0,1.2451
647,20578739,003567,2019-10-22,1.2475,1.2475,1.0,1.0,1.2475
648,20587421,003567,2019-10-23,1.2366,1.2366,1.0,1.0,1.2366
649,20595280,003567,2019-10-24,1.2355,1.2355,1.0,1.0,1.2355
650,20603580,003567,2019-10-25,1.2439,1.2439,1.0,1.0,1.2439
651,20616111,003567,2019-10-28,1.2458,1.2458,1.0,1.0,1.2458
652,20627116,003567,2019-10-29,1.2449,1.2449,1.0,1.0,1.2449
653,20635484,003567,2019-10-30,1.2418,1.2418,1.0,1.0,1.2418
654,20644277,003567,2019-10-31,1.2351,1.2351,1.0,1.0,1.2351
655,20720732,003567,2019-11-01,1.2511,1.2511,1.0,1.0,1.2511
656,20730998,003567,2019-11-04,1.254,1.254,1.0,1.0,1.254
657,20740434,003567,2019-11-05,1.2615,1.2615,1.0,1.0,1.2615
658,20749668,003567,2019-11-06,1.2564,1.2564,1.0,1.0,1.2564
659,20758785,003567,2019-11-07,1.2566,1.2566,1.0,1.0,1.2566
660,20769337,003567,2019-11-08,1.2495,1.2495,1.0,1.0,1.2495
661,20779338,003567,2019-11-11,1.2348,1.2348,1.0,1.0,1.2348
662,20788386,003567,2019-11-12,1.2353,1.2353,1.0,1.0,1.2353
663,20797056,003567,2019-11-13,1.2365,1.2365,1.0,1.0,1.2365
664,20805668,003567,2019-11-14,1.2355,1.2355,1.0,1.0,1.2355
665,20815147,003567,2019-11-15,1.2292,1.2292,1.0,1.0,1.2292
666,20824661,003567,2019-11-18,1.2362,1.2362,1.0,1.0,1.2362
667,20833777,003567,2019-11-19,1.2443,1.2443,1.0,1.0,1.2443
668,20842170,003567,2019-11-20,1.2349,1.2349,1.0,1.0,1.2349
669,20850584,003567,2019-11-21,1.2276,1.2276,1.0,1.0,1.2276
670,20859609,003567,2019-11-22,1.2169,1.2169,1.0,1.0,1.2169
671,20869222,003567,2019-11-25,1.2205,1.2205,1.0,1.0,1.2205
672,20879629,003567,2019-11-26,1.229,1.229,1.0,1.0,1.229
673,20891463,003567,2019-11-27,1.2281,1.2281,1.0,1.0,1.2281
674,20900244,003567,2019-11-28,1.2239,1.2239,1.0,1.0,1.2239
675,20909712,003567,2019-11-29,1.2167,1.2167,1.0,1.0,1.2167
676,20922892,003567,2019-12-02,1.2195,1.2195,1.0,1.0,1.2195
677,20931939,003567,2019-12-03,1.2218,1.2218,1.0,1.0,1.2218
678,20940538,003567,2019-12-04,1.2218,1.2218,1.0,1.0,1.2218
679,20949224,003567,2019-12-05,1.2338,1.2338,1.0,1.0,1.2338
680,20957345,003567,2019-12-06,1.2437,1.2437,1.0,1.0,1.2437
681,20968167,003567,2019-12-09,1.2342,1.2342,1.0,1.0,1.2342
682,20977202,003567,2019-12-10,1.2417,1.2417,1.0,1.0,1.2417
683,20987414,003567,2019-12-11,1.2367,1.2367,1.0,1.0,1.2367
684,21000086,003567,2019-12-12,1.2338,1.2338,1.0,1.0,1.2338
685,21009739,003567,2019-12-13,1.2515,1.2515,1.0,1.0,1.2515
686,21058513,003567,2019-12-16,1.2575,1.2575,1.0,1.0,1.2575
687,21068050,003567,2019-12-17,1.2668,1.2668,1.0,1.0,1.2668
688,21099338,003567,2019-12-18,1.2629,1.2629,1.0,1.0,1.2629
689,21315349,003567,2019-12-19,1.2586,1.2586,1.0,1.0,1.2586
690,21460426,003567,2019-12-20,1.2538,1.2538,1.0,1.0,1.2538
691,21471384,003567,2019-12-23,1.2408,1.2408,1.0,1.0,1.2408
692,21481139,003567,2019-12-24,1.2529,1.2529,1.0,1.0,1.2529
693,21496104,003567,2019-12-25,1.2527,1.2527,1.0,1.0,1.2527
694,21504586,003567,2019-12-26,1.2592,1.2592,1.0,1.0,1.2592
695,21507443,003567,2019-12-27,1.2559,1.2559,1.0,1.0,1.2559
696,21518456,003567,2019-12-30,1.2669,1.2669,1.0,1.0,1.2669
697,21535401,003567,2019-12-31,1.2692,1.2692,1.0,1.0,1.2692
698,21546274,003567,2020-01-02,1.2868,1.2868,1.0,1.0,1.2868
699,21551193,003567,2020-01-03,1.2944,1.2944,1.0,1.0,1.2944
700,21561439,003567,2020-01-06,1.3044,1.3044,1.0,1.0,1.3044
701,21571723,003567,2020-01-07,1.3103,1.3103,1.0,1.0,1.3103
702,21580723,003567,2020-01-08,1.3064,1.3064,1.0,1.0,1.3064
703,21589889,003567,2020-01-09,1.3148,1.3148,1.0,1.0,1.3148
704,21599095,003567,2020-01-10,1.3106,1.3106,1.0,1.0,1.3106
705,21611196,003567,2020-01-13,1.3213,1.3213,1.0,1.0,1.3213
706,21620880,003567,2020-01-14,1.3151,1.3151,1.0,1.0,1.3151
707,21630161,003567,2020-01-15,1.3163,1.3163,1.0,1.0,1.3163
708,21638976,003567,2020-01-16,1.3161,1.3161,1.0,1.0,1.3161
709,21648042,003567,2020-01-17,1.3214,1.3214,1.0,1.0,1.3214
710,21658856,003567,2020-01-20,1.3222,1.3222,1.0,1.0,1.3222
711,21668180,003567,2020-01-21,1.3069,1.3069,1.0,1.0,1.3069
712,21676717,003567,2020-01-22,1.3154,1.3154,1.0,1.0,1.3154
713,21685549,003567,2020-01-23,1.2769,1.2769,1.0,1.0,1.2769
714,21705311,003567,2020-02-03,1.21,1.21,1.0,1.0,1.21
715,21719296,003567,2020-02-04,1.2487,1.2487,1.0,1.0,1.2487
716,21723570,003567,2020-02-05,1.2637,1.2637,1.0,1.0,1.2637
717,21733122,003567,2020-02-06,1.2908,1.2908,1.0,1.0,1.2908
718,21740811,003567,2020-02-07,1.2948,1.2948,1.0,1.0,1.2948
719,21752962,003567,2020-02-10,1.3078,1.3078,1.0,1.0,1.3078
720,21762312,003567,2020-02-11,1.3125,1.3125,1.0,1.0,1.3125
721,21770826,003567,2020-02-12,1.3231,1.3231,1.0,1.0,1.3231
722,21779443,003567,2020-02-13,1.3134,1.3134,1.0,1.0,1.3134
723,21788051,003567,2020-02-14,1.3121,1.3121,1.0,1.0,1.3121
724,21797813,003567,2020-02-17,1.3393,1.3393,1.0,1.0,1.3393
725,21806838,003567,2020-02-18,1.3436,1.3436,1.0,1.0,1.3436
726,21815534,003567,2020-02-19,1.3372,1.3372,1.0,1.0,1.3372
727,21824066,003567,2020-02-20,1.3575,1.3575,1.0,1.0,1.3575
728,21832748,003567,2020-02-21,1.3666,1.3666,1.0,1.0,1.3666
729,21842969,003567,2020-02-24,1.3701,1.3701,1.0,1.0,1.3701
730,21852383,003567,2020-02-25,1.384,1.384,1.0,1.0,1.384
731,21861160,003567,2020-02-26,1.3437,1.3437,1.0,1.0,1.3437
732,21869775,003567,2020-02-27,1.3489,1.3489,1.0,1.0,1.3489
733,21878612,003567,2020-02-28,1.3232,1.3232,1.0,1.0,1.3232
734,21889122,003567,2020-03-02,1.3454,1.3454,1.0,1.0,1.3454
735,21898599,003567,2020-03-03,1.3571,1.3571,1.0,1.0,1.3571
736,21907696,003567,2020-03-04,1.3569,1.3569,1.0,1.0,1.3569
737,21916501,003567,2020-03-05,1.3806,1.3806,1.0,1.0,1.3806
738,21925412,003567,2020-03-06,1.3696,1.3696,1.0,1.0,1.3696
739,21936261,003567,2020-03-09,1.3386,1.3386,1.0,1.0,1.3386
740,21945739,003567,2020-03-10,1.3607,1.3607,1.0,1.0,1.3607
741,21954957,003567,2020-03-11,1.3459,1.3459,1.0,1.0,1.3459
742,21964399,003567,2020-03-12,1.328,1.328,1.0,1.0,1.328
743,21975300,003567,2020-03-13,1.3169,1.3169,1.0,1.0,1.3169
744,21984820,003567,2020-03-16,1.2722,1.2722,1.0,1.0,1.2722
745,21994328,003567,2020-03-17,1.2614,1.2614,1.0,1.0,1.2614
746,22003259,003567,2020-03-18,1.2403,1.2403,1.0,1.0,1.2403
747,22012186,003567,2020-03-19,1.2331,1.2331,1.0,1.0,1.2331
748,22021942,003567,2020-03-20,1.2602,1.2602,1.0,1.0,1.2602
749,22031835,003567,2020-03-23,1.2188,1.2188,1.0,1.0,1.2188
750,22041400,003567,2020-03-24,1.2535,1.2535,1.0,1.0,1.2535
751,22050685,003567,2020-03-25,1.2824,1.2824,1.0,1.0,1.2824
752,22059486,003567,2020-03-26,1.278,1.278,1.0,1.0,1.278
753,22068231,003567,2020-03-27,1.2869,1.2869,1.0,1.0,1.2869
754,22079514,003567,2020-03-30,1.2806,1.2806,1.0,1.0,1.2806
755,22089276,003567,2020-03-31,1.2968,1.2968,1.0,1.0,1.2968
756,22098709,003567,2020-04-01,1.2836,1.2836,1.0,1.0,1.2836
757,22108311,003567,2020-04-02,1.3017,1.3017,1.0,1.0,1.3017
758,22127066,003567,2020-04-03,1.2958,1.2958,1.0,1.0,1.2958
759,22139570,003567,2020-04-07,1.3287,1.3287,1.0,1.0,1.3287
760,22149738,003567,2020-04-08,1.3243,1.3243,1.0,1.0,1.3243
761,22159493,003567,2020-04-09,1.3419,1.3419,1.0,1.0,1.3419
762,22169301,003567,2020-04-10,1.325,1.325,1.0,1.0,1.325
763,22182579,003567,2020-04-13,1.3269,1.3269,1.0,1.0,1.3269
764,22400951,003567,2020-04-14,1.3484,1.3484,1.0,1.0,1.3484
765,22411749,003567,2020-04-15,1.3386,1.3386,1.0,1.0,1.3386
766,22420944,003567,2020-04-16,1.3441,1.3441,1.0,1.0,1.3441
767,22430223,003567,2020-04-17,1.3502,1.3502,1.0,1.0,1.3502
768,22441079,003567,2020-04-20,1.3648,1.3648,1.0,1.0,1.3648
769,22450969,003567,2020-04-21,1.3592,1.3592,1.0,1.0,1.3592
770,22459973,003567,2020-04-22,1.3728,1.3728,1.0,1.0,1.3728
771,22471662,003567,2020-04-23,1.3755,1.3755,1.0,1.0,1.3755
772,22480481,003567,2020-04-24,1.366,1.366,1.0,1.0,1.366
773,22490915,003567,2020-04-27,1.379,1.379,1.0,1.0,1.379
774,22502080,003567,2020-04-28,1.3943,1.3943,1.0,1.0,1.3943
775,22511364,003567,2020-04-29,1.3841,1.3841,1.0,1.0,1.3841
776,22520641,003567,2020-04-30,1.3876,1.3876,1.0,1.0,1.3876
777,22536205,003567,2020-05-06,1.4039,1.4039,1.0,1.0,1.4039
778,22545982,003567,2020-05-07,1.4106,1.4106,1.0,1.0,1.4106
779,22556078,003567,2020-05-08,1.4183,1.4183,1.0,1.0,1.4183
780,22568134,003567,2020-05-11,1.4063,1.4063,1.0,1.0,1.4063
781,22578487,003567,2020-05-12,1.4194,1.4194,1.0,1.0,1.4194
782,22587499,003567,2020-05-13,1.434,1.434,1.0,1.0,1.434
783,22597257,003567,2020-05-14,1.4185,1.4185,1.0,1.0,1.4185
784,22606034,003567,2020-05-15,1.4266,1.4266,1.0,1.0,1.4266
785,22616913,003567,2020-05-18,1.4154,1.4154,1.0,1.0,1.4154
786,22627347,003567,2020-05-19,1.4311,1.4311,1.0,1.0,1.4311
787,22636673,003567,2020-05-20,1.4216,1.4216,1.0,1.0,1.4216
788,22646419,003567,2020-05-21,1.3918,1.3918,1.0,1.0,1.3918
789,22655500,003567,2020-05-22,1.362,1.362,1.0,1.0,1.362
790,22666268,003567,2020-05-25,1.3619,1.3619,1.0,1.0,1.3619
791,22675578,003567,2020-05-26,1.3906,1.3906,1.0,1.0,1.3906
792,22685900,003567,2020-05-27,1.3837,1.3837,1.0,1.0,1.3837
793,22695407,003567,2020-05-28,1.3771,1.3771,1.0,1.0,1.3771
794,22704018,003567,2020-05-29,1.3878,1.3878,1.0,1.0,1.3878
795,22716366,003567,2020-06-01,1.436,1.436,1.0,1.0,1.436
796,22726340,003567,2020-06-02,1.4495,1.4495,1.0,1.0,1.4495
797,22735936,003567,2020-06-03,1.458,1.458,1.0,1.0,1.458
798,22745047,003567,2020-06-04,1.4646,1.4646,1.0,1.0,1.4646
799,22756054,003567,2020-06-05,1.4688,1.4688,1.0,1.0,1.4688
800,22767871,003567,2020-06-08,1.4702,1.4702,1.0,1.0,1.4702
801,22778318,003567,2020-06-09,1.4839,1.4839,1.0,1.0,1.4839
802,22787890,003567,2020-06-10,1.4884,1.4884,1.0,1.0,1.4884
803,22795121,003567,2020-06-11,1.4919,1.4919,1.0,1.0,1.4919
804,22808781,003567,2020-06-12,1.4973,1.4973,1.0,1.0,1.4973
805,22821273,003567,2020-06-15,1.5026,1.5026,1.0,1.0,1.5026
806,22832034,003567,2020-06-16,1.5343,1.5343,1.0,1.0,1.5343
807,22840973,003567,2020-06-17,1.5353,1.5353,1.0,1.0,1.5353
808,22850588,003567,2020-06-18,1.5413,1.5413,1.0,1.0,1.5413
809,22859603,003567,2020-06-19,1.5627,1.5627,1.0,1.0,1.5627
810,22870466,003567,2020-06-22,1.5754,1.5754,1.0,1.0,1.5754
811,22881561,003567,2020-06-23,1.5812,1.5812,1.0,1.0,1.5812
812,22890759,003567,2020-06-24,1.577,1.577,1.0,1.0,1.577
813,22904433,003567,2020-06-29,1.5772,1.5772,1.0,1.0,1.5772
814,22915271,003567,2020-06-30,1.603,1.603,1.0,1.0,1.603
815,22926797,003567,2020-07-01,1.6115,1.6115,1.0,1.0,1.6115
816,22936757,003567,2020-07-02,1.616,1.616,1.0,1.0,1.616
817,22947281,003567,2020-07-03,1.6234,1.6234,1.0,1.0,1.6234
818,22960106,003567,2020-07-06,1.6854,1.6854,1.0,1.0,1.6854
819,22971060,003567,2020-07-07,1.7312,1.7312,1.0,1.0,1.7312
820,22980276,003567,2020-07-08,1.7715,1.7715,1.0,1.0,1.7715
821,22992086,003567,2020-07-09,1.8181,1.8181,1.0,1.0,1.8181
822,23003222,003567,2020-07-10,1.8232,1.8232,1.0,1.0,1.8232
823,23016350,003567,2020-07-13,1.8914,1.8914,1.0,1.0,1.8914
824,23026561,003567,2020-07-14,1.8682,1.8682,1.0,1.0,1.8682
825,23036837,003567,2020-07-15,1.7875,1.7875,1.0,1.0,1.7875
826,23046527,003567,2020-07-16,1.7048,1.7048,1.0,1.0,1.7048
827,23056239,003567,2020-07-17,1.711,1.711,1.0,1.0,1.711
828,23068083,003567,2020-07-20,1.7703,1.7703,1.0,1.0,1.7703
829,23079208,003567,2020-07-21,1.768,1.768,1.0,1.0,1.768
830,23088372,003567,2020-07-22,1.7686,1.7686,1.0,1.0,1.7686
831,23099237,003567,2020-07-23,1.7855,1.7855,1.0,1.0,1.7855
832,23197543,003567,2020-07-24,1.7018,1.7018,1.0,1.0,1.7018
833,23209800,003567,2020-07-27,1.6935,1.6935,1.0,1.0,1.6935
834,23221593,003567,2020-07-28,1.7106,1.7106,1.0,1.0,1.7106
835,23232133,003567,2020-07-29,1.766,1.766,1.0,1.0,1.766
836,23243448,003567,2020-07-30,1.7753,1.7753,1.0,1.0,1.7753
837,23252414,003567,2020-07-31,1.803,1.803,1.0,1.0,1.803
838,23265946,003567,2020-08-03,1.8775,1.8775,1.0,1.0,1.8775
839,23277931,003567,2020-08-04,1.8635,1.8635,1.0,1.0,1.8635
840,23288088,003567,2020-08-05,1.9081,1.9081,1.0,1.0,1.9081
841,23297245,003567,2020-08-06,1.8845,1.8845,1.0,1.0,1.8845
842,23307595,003567,2020-08-07,1.8536,1.8536,1.0,1.0,1.8536
843,23319311,003567,2020-08-10,1.8299,1.8299,1.0,1.0,1.8299
844,23330591,003567,2020-08-11,1.8125,1.8125,1.0,1.0,1.8125
845,23340214,003567,2020-08-12,1.789,1.789,1.0,1.0,1.789
846,23350440,003567,2020-08-13,1.8078,1.8078,1.0,1.0,1.8078
847,23359624,003567,2020-08-14,1.8074,1.8074,1.0,1.0,1.8074
848,23369919,003567,2020-08-17,1.8305,1.8305,1.0,1.0,1.8305
849,23382378,003567,2020-08-18,1.8431,1.8431,1.0,1.0,1.8431
850,23392100,003567,2020-08-19,1.7848,1.7848,1.0,1.0,1.7848
851,23399602,003567,2020-08-20,1.7707,1.7707,1.0,1.0,1.7707
852,23411801,003567,2020-08-21,1.8085,1.8085,1.0,1.0,1.8085
853,23421224,003567,2020-08-24,1.8097,1.8097,1.0,1.0,1.8097
854,23487534,003567,2020-08-25,1.8084,1.8084,1.0,1.0,1.8084
855,23487535,003567,2020-08-26,1.7394,1.7394,1.0,1.0,1.7394
856,23487536,003567,2020-08-27,1.7477,1.7477,1.0,1.0,1.7477
857,23487537,003567,2020-08-28,1.7659,1.7659,1.0,1.0,1.7659
858,23530753,003567,2020-08-31,1.7877,1.7877,1.0,1.0,1.7877
859,23558926,003567,2020-09-01,1.8118,1.8118,1.0,1.0,1.8118
860,23601783,003567,2020-09-02,1.8282,1.8282,1.0,1.0,1.8282
861,23629769,003567,2020-09-03,1.8077,1.8077,1.0,1.0,1.8077
862,23657937,003567,2020-09-04,1.8092,1.8092,1.0,1.0,1.8092
863,23722611,003567,2020-09-07,1.7805,1.7805,1.0,1.0,1.7805
864,23750944,003567,2020-09-08,1.8026,1.8026,1.0,1.0,1.8026
865,23778764,003567,2020-09-09,1.7351,1.7351,1.0,1.0,1.7351
866,23806127,003567,2020-09-10,1.6911,1.6911,1.0,1.0,1.6911
867,23834392,003567,2020-09-11,1.7504,1.7504,1.0,1.0,1.7504
868,23879264,003567,2020-09-14,1.7911,1.7911,1.0,1.0,1.7911
869,23888415,003567,2020-09-15,1.8101,1.8101,1.0,1.0,1.8101
870,23899606,003567,2020-09-16,1.7968,1.7968,1.0,1.0,1.7968
871,23909838,003567,2020-09-17,1.7922,1.7922,1.0,1.0,1.7922
872,23919956,003567,2020-09-18,1.8122,1.8122,1.0,1.0,1.8122
873,23929988,003567,2020-09-21,1.8126,1.8126,1.0,1.0,1.8126
874,23942787,003567,2020-09-22,1.7789,1.7789,1.0,1.0,1.7789
875,23953480,003567,2020-09-23,1.7914,1.7914,1.0,1.0,1.7914
876,23962278,003567,2020-09-24,1.7482,1.7482,1.0,1.0,1.7482
877,23972302,003567,2020-09-25,1.7481,1.7481,1.0,1.0,1.7481
878,23983373,003567,2020-09-28,1.7219,1.7219,1.0,1.0,1.7219
879,23995216,003567,2020-09-29,1.7535,1.7535,1.0,1.0,1.7535
880,24004951,003567,2020-09-30,1.7663,1.7663,1.0,1.0,1.7663
881,24022809,003567,2020-10-09,1.8424,1.8424,1.0,1.0,1.8424
882,24036608,003567,2020-10-12,1.9,1.9,1.0,1.0,1.9
883,24046990,003567,2020-10-13,1.9269,1.9269,1.0,1.0,1.9269
884,24056518,003567,2020-10-14,1.909,1.909,1.0,1.0,1.909
885,24068222,003567,2020-10-15,1.8866,1.8866,1.0,1.0,1.8866
886,24077544,003567,2020-10-16,1.8708,1.8708,1.0,1.0,1.8708
887,24090050,003567,2020-10-19,1.8385,1.8385,1.0,1.0,1.8385
888,24101801,003567,2020-10-20,1.8621,1.8621,1.0,1.0,1.8621
889,24111620,003567,2020-10-21,1.8173,1.8173,1.0,1.0,1.8173
890,24120382,003567,2020-10-22,1.8229,1.8229,1.0,1.0,1.8229
891,24131007,003567,2020-10-23,1.7826,1.7826,1.0,1.0,1.7826
892,24142247,003567,2020-10-26,1.805,1.805,1.0,1.0,1.805
893,24152120,003567,2020-10-27,1.8176,1.8176,1.0,1.0,1.8176
894,24164307,003567,2020-10-28,1.8365,1.8365,1.0,1.0,1.8365
895,24173715,003567,2020-10-29,1.8229,1.8229,1.0,1.0,1.8229
896,24183587,003567,2020-10-30,1.7824,1.7824,1.0,1.0,1.7824
897,24193573,003567,2020-11-02,1.8168,1.8168,1.0,1.0,1.8168
898,24206067,003567,2020-11-03,1.8501,1.8501,1.0,1.0,1.8501
899,24217307,003567,2020-11-04,1.8492,1.8492,1.0,1.0,1.8492
900,24228368,003567,2020-11-05,1.8843,1.8843,1.0,1.0,1.8843
901,24237645,003567,2020-11-06,1.8591,1.8591,1.0,1.0,1.8591
902,24250236,003567,2020-11-09,1.9056,1.9056,1.0,1.0,1.9056
903,24263711,003567,2020-11-10,1.8857,1.8857,1.0,1.0,1.8857
904,24273545,003567,2020-11-11,1.854,1.854,1.0,1.0,1.854
905,24284935,003567,2020-11-12,1.8735,1.8735,1.0,1.0,1.8735
906,24295994,003567,2020-11-13,1.8647,1.8647,1.0,1.0,1.8647
907,24306492,003567,2020-11-16,1.8679,1.8679,1.0,1.0,1.8679
908,24319256,003567,2020-11-17,1.8289,1.8289,1.0,1.0,1.8289
909,24328704,003567,2020-11-18,1.8228,1.8228,1.0,1.0,1.8228
910,24340248,003567,2020-11-19,1.8427,1.8427,1.0,1.0,1.8427
911,24350032,003567,2020-11-20,1.8761,1.8761,1.0,1.0,1.8761
912,24363075,003567,2020-11-23,1.8888,1.8888,1.0,1.0,1.8888
913,24374179,003567,2020-11-24,1.8895,1.8895,1.0,1.0,1.8895
914,24385696,003567,2020-11-25,1.8576,1.8576,1.0,1.0,1.8576
915,24395903,003567,2020-11-26,1.8314,1.8314,1.0,1.0,1.8314
916,24406129,003567,2020-11-27,1.8255,1.8255,1.0,1.0,1.8255
917,24418483,003567,2020-11-30,1.8312,1.8312,1.0,1.0,1.8312
918,24430353,003567,2020-12-01,1.8592,1.8592,1.0,1.0,1.8592
919,24440064,003567,2020-12-02,1.857,1.857,1.0,1.0,1.857
920,24451253,003567,2020-12-03,1.8493,1.8493,1.0,1.0,1.8493
921,24461573,003567,2020-12-04,1.8843,1.8843,1.0,1.0,1.8843
922,24472709,003567,2020-12-07,1.9254,1.9254,1.0,1.0,1.9254
923,24485846,003567,2020-12-08,1.9435,1.9435,1.0,1.0,1.9435
924,24495881,003567,2020-12-09,1.9157,1.9157,1.0,1.0,1.9157
925,24506393,003567,2020-12-10,1.9461,1.9461,1.0,1.0,1.9461
926,24515580,003567,2020-12-11,1.9233,1.9233,1.0,1.0,1.9233
927,24529315,003567,2020-12-14,1.9536,1.9536,1.0,1.0,1.9536
928,24542157,003567,2020-12-15,1.9871,1.9871,1.0,1.0,1.9871
929,24549295,003567,2020-12-16,2.0053,2.0053,1.0,1.0,2.0053
930,24562543,003567,2020-12-17,2.0405,2.0405,1.0,1.0,2.0405
931,29655396,003567,2020-12-18,2.0563,2.0563,1.0,1.0,2.0563
932,24588945,003567,2020-12-21,2.1417,2.1417,1.0,1.0,2.1417
933,24601350,003567,2020-12-22,2.1025,2.1025,1.0,1.0,2.1025
934,24611634,003567,2020-12-23,2.1748,2.1748,1.0,1.0,2.1748
935,24623796,003567,2020-12-24,2.1497,2.1497,1.0,1.0,2.1497
936,24639532,003567,2020-12-25,2.2053,2.2053,1.0,1.0,2.2053
937,24659044,003567,2020-12-28,2.2001,2.2001,1.0,1.0,2.2001
938,24672512,003567,2020-12-29,2.1311,2.1311,1.0,1.0,2.1311
939,24683938,003567,2020-12-30,2.1686,2.1686,1.0,1.0,2.1686
940,24698984,003567,2020-12-31,2.2003,2.2003,1.0,1.0,2.2003
941,24733090,003567,2021-01-04,2.2833,2.2833,1.0,1.0,2.2833
942,24746917,003567,2021-01-05,2.2735,2.2735,1.0,1.0,2.2735
943,24759284,003567,2021-01-06,2.2305,2.2305,1.0,1.0,2.2305
944,24770488,003567,2021-01-07,2.2195,2.2195,1.0,1.0,2.2195
945,24781253,003567,2021-01-08,2.2187,2.2187,1.0,1.0,2.2187
946,24798298,003567,2021-01-11,2.1347,2.1347,1.0,1.0,2.1347
947,24812940,003567,2021-01-12,2.1486,2.1486,1.0,1.0,2.1486
948,24833047,003567,2021-01-13,2.086,2.086,1.0,1.0,2.086
949,24837997,003567,2021-01-14,2.06,2.06,1.0,1.0,2.06
950,24849550,003567,2021-01-15,2.0962,2.0962,1.0,1.0,2.0962
951,24864253,003567,2021-01-18,2.1417,2.1417,1.0,1.0,2.1417
952,24881567,003567,2021-01-19,2.1196,2.1196,1.0,1.0,2.1196
953,24885957,003567,2021-01-20,2.1709,2.1709,1.0,1.0,2.1709
954,24932123,003567,2021-01-21,2.2204,2.2204,1.0,1.0,2.2204
955,24968150,003567,2021-01-22,2.2509,2.2509,1.0,1.0,2.2509
956,27224275,003567,2021-01-25,2.2602,2.2602,1.0,1.0,2.2602
957,27241500,003567,2021-01-26,2.2165,2.2165,1.0,1.0,2.2165
958,27245924,003567,2021-01-27,2.2407,2.2407,1.0,1.0,2.2407
959,27263143,003567,2021-01-28,2.1864,2.1864,1.0,1.0,2.1864
960,27274905,003567,2021-01-29,2.1559,2.1559,1.0,1.0,2.1559
961,27289335,003567,2021-02-01,2.1843,2.1843,1.0,1.0,2.1843
962,27301570,003567,2021-02-02,2.199,2.199,1.0,1.0,2.199
963,27346305,003567,2021-02-03,2.1644,2.1644,1.0,1.0,2.1644
964,27365991,003567,2021-02-04,2.1002,2.1002,1.0,1.0,2.1002
965,27384356,003567,2021-02-05,2.0313,2.0313,1.0,1.0,2.0313
966,27396332,003567,2021-02-08,2.0451,2.0451,1.0,1.0,2.0451
967,27406707,003567,2021-02-09,2.0943,2.0943,1.0,1.0,2.0943
968,29639893,003567,2021-02-10,2.0961,2.0961,1.0,1.0,2.0961
969,27429417,003567,2021-02-18,2.1131,2.1131,1.0,1.0,2.1131
970,27436698,003567,2021-02-19,2.135,2.135,1.0,1.0,2.135
971,27448863,003567,2021-02-22,2.1354,2.1354,1.0,1.0,2.1354
972,27637839,003567,2021-02-23,2.1284,2.1284,1.0,1.0,2.1284
973,27659497,003567,2021-02-24,2.0916,2.0916,1.0,1.0,2.0916
974,27835772,003567,2021-02-25,2.0708,2.0708,1.0,1.0,2.0708
975,27848703,003567,2021-02-26,2.063,2.063,1.0,1.0,2.063
976,27865747,003567,2021-03-01,2.1299,2.1299,1.0,1.0,2.1299
977,27871929,003567,2021-03-02,2.1404,2.1404,1.0,1.0,2.1404
978,27886294,003567,2021-03-03,2.1706,2.1706,1.0,1.0,2.1706
979,27893101,003567,2021-03-04,2.1095,2.1095,1.0,1.0,2.1095
980,27903155,003567,2021-03-05,2.1126,2.1126,1.0,1.0,2.1126
981,27921057,003567,2021-03-08,2.0713,2.0713,1.0,1.0,2.0713
982,27945690,003567,2021-03-09,2.0523,2.0523,1.0,1.0,2.0523
983,29572968,003567,2021-03-10,2.0485,2.0485,1.0,1.0,2.0485
984,29615607,003567,2021-03-11,2.0774,2.0774,1.0,1.0,2.0774
985,29625976,003567,2021-03-12,2.0808,2.0808,1.0,1.0,2.0808
986,29657953,003567,2021-03-15,2.067,2.067,1.0,1.0,2.067
987,29682031,003567,2021-03-16,2.0417,2.0417,1.0,1.0,2.0417
988,29687448,003567,2021-03-17,2.0998,2.0998,1.0,1.0,2.0998
989,29704502,003567,2021-03-18,2.1022,2.1022,1.0,1.0,2.1022
990,29708297,003567,2021-03-19,2.0583,2.0583,1.0,1.0,2.0583
991,29796896,003567,2021-03-22,2.1005,2.1005,1.0,1.0,2.1005
992,30099347,003567,2021-03-23,2.0567,2.0567,1.0,1.0,2.0567
993,30112775,003567,2021-03-24,2.013,2.013,1.0,1.0,2.013
994,30196987,003567,2021-03-25,2.0271,2.0271,1.0,1.0,2.0271
995,30207384,003567,2021-03-26,2.0654,2.0654,1.0,1.0,2.0654
996,30225141,003567,2021-03-29,2.0463,2.0463,1.0,1.0,2.0463
997,30239698,003567,2021-03-30,2.0502,2.0502,1.0,1.0,2.0502
998,30257413,003567,2021-03-31,2.039,2.039,1.0,1.0,2.039
999,30268748,003567,2021-04-01,2.0468,2.0468,1.0,1.0,2.0468
1000,30279051,003567,2021-04-02,2.043,2.043,1.0,1.0,2.043
1001,30300993,003567,2021-04-06,2.0748,2.0748,1.0,1.0,2.0748
1002,30302760,003567,2021-04-07,2.0809,2.0809,1.0,1.0,2.0809
1003,30319351,003567,2021-04-08,2.0798,2.0798,1.0,1.0,2.0798
1004,30331175,003567,2021-04-09,2.0871,2.0871,1.0,1.0,2.0871
1005,30341924,003567,2021-04-12,2.0453,2.0453,1.0,1.0,2.0453
1006,30354033,003567,2021-04-13,2.0428,2.0428,1.0,1.0,2.0428
1007,30364820,003567,2021-04-14,2.092,2.092,1.0,1.0,2.092
1008,30377149,003567,2021-04-15,2.0966,2.0966,1.0,1.0,2.0966
1009,30386266,003567,2021-04-16,2.133,2.133,1.0,1.0,2.133
1010,30392598,003567,2021-04-19,2.1966,2.1966,1.0,1.0,2.1966
1011,30410247,003567,2021-04-20,2.1947,2.1947,1.0,1.0,2.1947
1012,30414716,003567,2021-04-21,2.2008,2.2008,1.0,1.0,2.2008
1013,30430888,003567,2021-04-22,2.2219,2.2219,1.0,1.0,2.2219
1014,30442879,003567,2021-04-23,2.245,2.245,1.0,1.0,2.245
1015,30454446,003567,2021-04-26,2.2543,2.2543,1.0,1.0,2.2543
1016,30460207,003567,2021-04-27,2.2437,2.2437,1.0,1.0,2.2437
1017,30471249,003567,2021-04-28,2.2711,2.2711,1.0,1.0,2.2711
1018,30484750,003567,2021-04-29,2.2715,2.2715,1.0,1.0,2.2715
1019,30498750,003567,2021-04-30,2.2585,2.2585,1.0,1.0,2.2585
1020,30513659,003567,2021-05-06,2.2576,2.2576,1.0,1.0,2.2576
1021,30522547,003567,2021-05-07,2.2045,2.2045,1.0,1.0,2.2045
1022,30566670,003567,2021-05-10,2.206,2.206,1.0,1.0,2.206
1023,30574660,003567,2021-05-11,2.1914,2.1914,1.0,1.0,2.1914
1024,30585319,003567,2021-05-12,2.2186,2.2186,1.0,1.0,2.2186
1025,30602514,003567,2021-05-13,2.2209,2.2209,1.0,1.0,2.2209
1026,30607161,003567,2021-05-14,2.243,2.243,1.0,1.0,2.243
1027,30619854,003567,2021-05-17,2.2745,2.2745,1.0,1.0,2.2745
1028,30631448,003567,2021-05-18,2.2791,2.2791,1.0,1.0,2.2791
1029,30648911,003567,2021-05-19,2.3339,2.3339,1.0,1.0,2.3339
1030,30653175,003567,2021-05-20,2.3418,2.3418,1.0,1.0,2.3418
1031,30664189,003567,2021-05-21,2.3484,2.3484,1.0,1.0,2.3484
1032,30676745,003567,2021-05-24,2.3554,2.3554,1.0,1.0,2.3554
1033,30688448,003567,2021-05-25,2.3668,2.3668,1.0,1.0,2.3668
1034,30699516,003567,2021-05-26,2.3828,2.3828,1.0,1.0,2.3828
1035,30712610,003567,2021-05-27,2.4186,2.4186,1.0,1.0,2.4186
1036,30721522,003567,2021-05-28,2.4829,2.4829,1.0,1.0,2.4829
1037,30734818,003567,2021-05-31,2.5664,2.5664,1.0,1.0,2.5664
1038,30760051,003567,2021-06-01,2.5773,2.5773,1.0,1.0,2.5773
1039,30765481,003567,2021-06-02,2.5645,2.5645,1.0,1.0,2.5645
1040,30782961,003567,2021-06-03,2.5897,2.5897,1.0,1.0,2.5897
1041,30791059,003567,2021-06-04,2.6726,2.6726,1.0,1.0,2.6726
1042,30805565,003567,2021-06-07,2.7035,2.7035,1.0,1.0,2.7035
1043,30811851,003567,2021-06-08,2.6881,2.6881,1.0,1.0,2.6881
1044,30823247,003567,2021-06-09,2.6893,2.6893,1.0,1.0,2.6893
1045,30833971,003567,2021-06-10,2.7431,2.7431,1.0,1.0,2.7431
1046,30850587,003567,2021-06-11,2.7064,2.7064,1.0,1.0,2.7064
1047,30858432,003567,2021-06-15,2.7117,2.7117,1.0,1.0,2.7117
1048,30870250,003567,2021-06-16,2.6168,2.6168,1.0,1.0,2.6168
1049,30881528,003567,2021-06-17,2.6501,2.6501,1.0,1.0,2.6501
1050,30892418,003567,2021-06-18,2.7071,2.7071,1.0,1.0,2.7071
1051,30905353,003567,2021-06-21,2.7906,2.7906,1.0,1.0,2.7906
1052,30917468,003567,2021-06-22,2.8008,2.8008,1.0,1.0,2.8008
1053,30928735,003567,2021-06-23,2.8932,2.8932,1.0,1.0,2.8932
1054,30940138,003567,2021-06-24,2.8892,2.8892,1.0,1.0,2.8892
1055,30957852,003567,2021-06-25,2.8966,2.8966,1.0,1.0,2.8966
1056,30970304,003567,2021-06-28,2.9622,2.9622,1.0,1.0,2.9622
1057,30978342,003567,2021-06-29,2.9861,2.9861,1.0,1.0,2.9861
1058,30987418,003567,2021-06-30,3.0672,3.0672,1.0,1.0,3.0672
1059,31003097,003567,2021-07-01,3.0009,3.0009,1.0,1.0,3.0009
1060,31014584,003567,2021-07-02,3.0398,3.0398,1.0,1.0,3.0398
1061,31027931,003567,2021-07-05,3.1426,3.1426,1.0,1.0,3.1426
1062,31039842,003567,2021-07-06,3.1597,3.1597,1.0,1.0,3.1597
1063,31056054,003567,2021-07-07,3.2392,3.2392,1.0,1.0,3.2392
1064,31067558,003567,2021-07-08,3.2478,3.2478,1.0,1.0,3.2478
1065,31081298,003567,2021-07-09,3.319,3.319,1.0,1.0,3.319
1066,31092868,003567,2021-07-12,3.4706,3.4706,1.0,1.0,3.4706
1067,31105520,003567,2021-07-13,3.502,3.502,1.0,1.0,3.502
1068,31110089,003567,2021-07-14,3.4464,3.4464,1.0,1.0,3.4464
1069,31121663,003567,2021-07-15,3.4473,3.4473,1.0,1.0,3.4473
1070,31132883,003567,2021-07-16,3.4479,3.4479,1.0,1.0,3.4479
1071,31146063,003567,2021-07-19,3.4177,3.4177,1.0,1.0,3.4177
1072,31165609,003567,2021-07-20,3.4704,3.4704,1.0,1.0,3.4704
1073,31178284,003567,2021-07-21,3.5933,3.5933,1.0,1.0,3.5933
1074,31181281,003567,2021-07-22,3.6469,3.6469,1.0,1.0,3.6469
1075,31192705,003567,2021-07-23,3.5911,3.5911,1.0,1.0,3.5911
1076,31205870,003567,2021-07-26,3.5376,3.5376,1.0,1.0,3.5376
1077,31220468,003567,2021-07-27,3.4182,3.4182,1.0,1.0,3.4182
1078,31238658,003567,2021-07-28,3.3541,3.3541,1.0,1.0,3.3541
1079,31247578,003567,2021-07-29,3.5115,3.5115,1.0,1.0,3.5115
1080,31260681,003567,2021-07-30,3.526,3.526,1.0,1.0,3.526
1081,31276893,003567,2021-08-02,3.6048,3.6048,1.0,1.0,3.6048
1082,31284053,003567,2021-08-03,3.4823,3.4823,1.0,1.0,3.4823
1083,31303622,003567,2021-08-04,3.6481,3.6481,1.0,1.0,3.6481
1084,31314763,003567,2021-08-05,3.6479,3.6479,1.0,1.0,3.6479
1085,31319138,003567,2021-08-06,3.7133,3.7133,1.0,1.0,3.7133
1086,31332852,003567,2021-08-09,3.6684,3.6684,1.0,1.0,3.6684
1087,31345121,003567,2021-08-10,3.6365,3.6365,1.0,1.0,3.6365
1088,31356552,003567,2021-08-11,3.6547,3.6547,1.0,1.0,3.6547
1089,31368428,003567,2021-08-12,3.6562,3.6562,1.0,1.0,3.6562
1090,31379907,003567,2021-08-13,3.6519,3.6519,1.0,1.0,3.6519
1091,31398489,003567,2021-08-16,3.6161,3.6161,1.0,1.0,3.6161
1092,31406035,003567,2021-08-17,3.515,3.515,1.0,1.0,3.515
1093,31417685,003567,2021-08-18,3.5464,3.5464,1.0,1.0,3.5464
1094,31429517,003567,2021-08-19,3.5881,3.5881,1.0,1.0,3.5881
1095,31441043,003567,2021-08-20,3.574,3.574,1.0,1.0,3.574
1096,31455023,003567,2021-08-23,3.6742,3.6742,1.0,1.0,3.6742
1097,31466869,003567,2021-08-24,3.7285,3.7285,1.0,1.0,3.7285
1098,31479123,003567,2021-08-25,3.7396,3.7396,1.0,1.0,3.7396
1099,31491720,003567,2021-08-26,3.6931,3.6931,1.0,1.0,3.6931
1100,31503496,003567,2021-08-27,3.7657,3.7657,1.0,1.0,3.7657
1101,31517457,003567,2021-08-30,3.7879,3.7879,1.0,1.0,3.7879
1102,31530299,003567,2021-08-31,3.7696,3.7696,1.0,1.0,3.7696
1103,31545313,003567,2021-09-01,3.6515,3.6515,1.0,1.0,3.6515
1104,31564357,003567,2021-09-02,3.7106,3.7106,1.0,1.0,3.7106
1105,31579500,003567,2021-09-03,3.692,3.692,1.0,1.0,3.692
1106,31583609,003567,2021-09-06,3.739,3.739,1.0,1.0,3.739
1107,31597315,003567,2021-09-07,3.8019,3.8019,1.0,1.0,3.8019
1108,31608271,003567,2021-09-08,3.839,3.839,1.0,1.0,3.839
1109,31629817,003567,2021-09-09,3.8325,3.8325,1.0,1.0,3.8325
1110,31642188,003567,2021-09-10,3.884,3.884,1.0,1.0,3.884
1111,31646168,003567,2021-09-13,3.9048,3.9048,1.0,1.0,3.9048
1112,31658661,003567,2021-09-14,3.8607,3.8607,1.0,1.0,3.8607
1113,31670572,003567,2021-09-15,3.8954,3.8954,1.0,1.0,3.8954
1114,31682472,003567,2021-09-16,3.7958,3.7958,1.0,1.0,3.7958
1115,31694620,003567,2021-09-17,3.7886,3.7886,1.0,1.0,3.7886
1116,31711715,003567,2021-09-22,3.7761,3.7761,1.0,1.0,3.7761
1117,31722100,003567,2021-09-23,3.7862,3.7862,1.0,1.0,3.7862
1118,31734385,003567,2021-09-24,3.7625,3.7625,1.0,1.0,3.7625
1119,31759104,003567,2021-09-27,3.6419,3.6419,1.0,1.0,3.6419
1120,31816149,003567,2021-09-28,3.6462,3.6462,1.0,1.0,3.6462
1121,31901273,003567,2021-09-29,3.546,3.546,1.0,1.0,3.546
1122,31921750,003567,2021-09-30,3.6641,3.6641,1.0,1.0,3.6641
1123,31946432,003567,2021-10-08,3.6644,3.6644,1.0,1.0,3.6644
1124,31962392,003567,2021-10-11,3.6558,3.6558,1.0,1.0,3.6558
1125,31975674,003567,2021-10-12,3.5693,3.5693,1.0,1.0,3.5693
1126,31993581,003567,2021-10-13,3.6191,3.6191,1.0,1.0,3.6191
1127,32000615,003567,2021-10-14,3.6314,3.6314,1.0,1.0,3.6314
1128,32019900,003567,2021-10-15,3.682,3.682,1.0,1.0,3.682
1129,32027100,003567,2021-10-18,3.7288,3.7288,1.0,1.0,3.7288
1130,32040013,003567,2021-10-19,3.775,3.775,1.0,1.0,3.775
1131,32053531,003567,2021-10-20,3.7719,3.7719,1.0,1.0,3.7719
1132,32065935,003567,2021-10-21,3.7803,3.7803,1.0,1.0,3.7803
1133,32080613,003567,2021-10-22,3.763,3.763,1.0,1.0,3.763
1134,32101140,003567,2021-10-25,3.8075,3.8075,1.0,1.0,3.8075
1135,32139545,003567,2021-10-26,3.821,3.821,1.0,1.0,3.821
1136,32342225,003567,2021-10-27,3.7941,3.7941,1.0,1.0,3.7941
1137,32570433,003567,2021-10-28,3.7037,3.7037,1.0,1.0,3.7037
1138,32582911,003567,2021-10-29,3.7538,3.7538,1.0,1.0,3.7538
1139,32622868,003567,2021-11-01,3.7812,3.7812,1.0,1.0,3.7812
1140,32628148,003567,2021-11-02,3.7475,3.7475,1.0,1.0,3.7475
1141,32640956,003567,2021-11-03,3.7454,3.7454,1.0,1.0,3.7454
1142,32653605,003567,2021-11-04,3.786,3.786,1.0,1.0,3.786
1143,32675702,003567,2021-11-05,3.7141,3.7141,1.0,1.0,3.7141
1144,32682641,003567,2021-11-08,3.7452,3.7452,1.0,1.0,3.7452
1145,32768032,003567,2021-11-09,3.7963,3.7963,1.0,1.0,3.7963
1146,32786900,003567,2021-11-10,3.7714,3.7714,1.0,1.0,3.7714
1147,32803418,003567,2021-11-11,3.7992,3.7992,1.0,1.0,3.7992
1148,32827894,003567,2021-11-12,3.8619,3.8619,1.0,1.0,3.8619
1149,32831566,003567,2021-11-15,3.8043,3.8043,1.0,1.0,3.8043
1150,32845191,003567,2021-11-16,3.7554,3.7554,1.0,1.0,3.7554
1151,32857800,003567,2021-11-17,3.8466,3.8466,1.0,1.0,3.8466
1152,32870556,003567,2021-11-18,3.8401,3.8401,1.0,1.0,3.8401
1153,32891402,003567,2021-11-19,3.864,3.864,1.0,1.0,3.864
1154,32897410,003567,2021-11-22,3.9613,3.9613,1.0,1.0,3.9613
1155,32919324,003567,2021-11-23,3.9369,3.9369,1.0,1.0,3.9369
1156,32930301,003567,2021-11-24,3.9296,3.9296,1.0,1.0,3.9296
1157,32943108,003567,2021-11-25,3.9386,3.9386,1.0,1.0,3.9386
1158,32948605,003567,2021-11-26,3.9825,3.9825,1.0,1.0,3.9825
1159,32963499,003567,2021-11-29,4.0558,4.0558,1.0,1.0,4.0558
1160,32984297,003567,2021-11-30,4.0654,4.0654,1.0,1.0,4.0654
1161,33006183,003567,2021-12-01,4.1016,4.1016,1.0,1.0,4.1016
1162,33037454,003567,2021-12-02,4.0778,4.0778,1.0,1.0,4.0778
1163,33058965,003567,2021-12-03,4.109,4.109,1.0,1.0,4.109
1164,33065879,003567,2021-12-06,4.0158,4.0158,1.0,1.0,4.0158
1165,33079280,003567,2021-12-07,3.9369,3.9369,1.0,1.0,3.9369
1166,33091897,003567,2021-12-08,4.0172,4.0172,1.0,1.0,4.0172
1167,33116716,003567,2021-12-09,4.0037,4.0037,1.0,1.0,4.0037
1168,33123923,003567,2021-12-10,4.0466,4.0466,1.0,1.0,4.0466
1169,33137015,003567,2021-12-13,4.0759,4.0759,1.0,1.0,4.0759
1170,33154286,003567,2021-12-14,4.0512,4.0512,1.0,1.0,4.0512
1171,33159325,003567,2021-12-15,4.0533,4.0533,1.0,1.0,4.0533
1172,33172253,003567,2021-12-16,4.0438,4.0438,1.0,1.0,4.0438
1173,33185116,003567,2021-12-17,3.9912,3.9912,1.0,1.0,3.9912
1174,33199805,003567,2021-12-20,3.9137,3.9137,1.0,1.0,3.9137
1175,33217284,003567,2021-12-21,3.9502,3.9502,1.0,1.0,3.9502
1176,33232896,003567,2021-12-22,4.0064,4.0064,1.0,1.0,4.0064
1177,33239773,003567,2021-12-23,4.0309,4.0309,1.0,1.0,4.0309
1178,33252732,003567,2021-12-24,3.9661,3.9661,1.0,1.0,3.9661
1179,33267675,003567,2021-12-27,3.9555,3.9555,1.0,1.0,3.9555
1180,33281264,003567,2021-12-28,3.9941,3.9941,1.0,1.0,3.9941
1181,33300135,003567,2021-12-29,3.9703,3.9703,1.0,1.0,3.9703
1182,33307666,003567,2021-12-30,3.9901,3.9901,1.0,1.0,3.9901
1183,33328595,003567,2021-12-31,4.0509,4.0509,1.0,1.0,4.0509
1184,33354670,003567,2022-01-04,4.025,4.025,1.0,1.0,4.025
1185,33369297,003567,2022-01-05,3.9182,3.9182,1.0,1.0,3.9182
1186,33379109,003567,2022-01-06,3.9495,3.9495,1.0,1.0,3.9495
1187,33392342,003567,2022-01-07,3.8397,3.8397,1.0,1.0,3.8397
1188,33411093,003567,2022-01-10,3.8755,3.8755,1.0,1.0,3.8755
1189,33428363,003567,2022-01-11,3.8272,3.8272,1.0,1.0,3.8272
1190,33434716,003567,2022-01-12,3.895,3.895,1.0,1.0,3.895
1191,33447791,003567,2022-01-13,3.8195,3.8195,1.0,1.0,3.8195
1192,33461112,003567,2022-01-14,3.8264,3.8264,1.0,1.0,3.8264
1193,33479905,003567,2022-01-17,3.8926,3.8926,1.0,1.0,3.8926
1194,33497427,003567,2022-01-18,3.8858,3.8858,1.0,1.0,3.8858
1195,33503271,003567,2022-01-19,3.8215,3.8215,1.0,1.0,3.8215
1196,33516434,003567,2022-01-20,3.7377,3.7377,1.0,1.0,3.7377
1197,33530315,003567,2022-01-21,3.6919,3.6919,1.0,1.0,3.6919
1198,33545482,003567,2022-01-24,3.7521,3.7521,1.0,1.0,3.7521
1199,33559599,003567,2022-01-25,3.6346,3.6346,1.0,1.0,3.6346
1200,33572538,003567,2022-01-26,3.6426,3.6426,1.0,1.0,3.6426
1201,33586471,003567,2022-01-27,3.557,3.557,1.0,1.0,3.557
1202,33607284,003567,2022-01-28,3.5452,3.5452,1.0,1.0,3.5452
1203,33629709,003567,2022-02-07,3.5811,3.5811,1.0,1.0,3.5811
1204,33639601,003567,2022-02-08,3.5813,3.5813,1.0,1.0,3.5813
1205,33653499,003567,2022-02-09,3.6553,3.6553,1.0,1.0,3.6553
1206,33675705,003567,2022-02-10,3.6382,3.6382,1.0,1.0,3.6382
1207,33680417,003567,2022-02-11,3.5553,3.5553,1.0,1.0,3.5553
1208,33695516,003567,2022-02-14,3.5244,3.5244,1.0,1.0,3.5244
1209,33710094,003567,2022-02-15,3.6058,3.6058,1.0,1.0,3.6058
1210,33723388,003567,2022-02-16,3.6389,3.6389,1.0,1.0,3.6389
1211,33746622,003567,2022-02-17,3.6714,3.6714,1.0,1.0,3.6714
1212,33750422,003567,2022-02-18,3.6887,3.6887,1.0,1.0,3.6887
1213,33765971,003567,2022-02-21,3.7126,3.7126,1.0,1.0,3.7126
1214,33780426,003567,2022-02-22,3.7056,3.7056,1.0,1.0,3.7056
1215,33793614,003567,2022-02-23,3.7974,3.7974,1.0,1.0,3.7974
1216,33807114,003567,2022-02-24,3.7096,3.7096,1.0,1.0,3.7096
1217,33820675,003567,2022-02-25,3.7678,3.7678,1.0,1.0,3.7678
1218,33836048,003567,2022-02-28,3.802,3.802,1.0,1.0,3.802
1219,33856972,003567,2022-03-01,3.7725,3.7725,1.0,1.0,3.7725
1220,33929292,003567,2022-03-02,3.7602,3.7602,1.0,1.0,3.7602
1221,34018715,003567,2022-03-03,3.7052,3.7052,1.0,1.0,3.7052
1222,34035122,003567,2022-03-04,3.6526,3.6526,1.0,1.0,3.6526
1223,34051061,003567,2022-03-07,3.5664,3.5664,1.0,1.0,3.5664
1224,34065372,003567,2022-03-08,3.445,3.445,1.0,1.0,3.445
1225,34078959,003567,2022-03-09,3.3785,3.3785,1.0,1.0,3.3785
1226,34093095,003567,2022-03-10,3.4833,3.4833,1.0,1.0,3.4833
1227,34107206,003567,2022-03-11,3.4971,3.4971,1.0,1.0,3.4971
1228,34122428,003567,2022-03-14,3.4109,3.4109,1.0,1.0,3.4109
1229,34137024,003567,2022-03-15,3.2853,3.2853,1.0,1.0,3.2853
1230,34151007,003567,2022-03-16,3.4018,3.4018,1.0,1.0,3.4018
1231,34174046,003567,2022-03-17,3.4653,3.4653,1.0,1.0,3.4653
1232,34178728,003567,2022-03-18,3.4736,3.4736,1.0,1.0,3.4736
1233,34199009,003567,2022-03-21,3.5121,3.5121,1.0,1.0,3.5121
1234,34217318,003567,2022-03-22,3.5116,3.5116,1.0,1.0,3.5116
1235,34223280,003567,2022-03-23,3.5164,3.5164,1.0,1.0,3.5164
1236,34237297,003567,2022-03-24,3.4953,3.4953,1.0,1.0,3.4953
1237,34260033,003567,2022-03-25,3.4563,3.4563,1.0,1.0,3.4563
1238,34266896,003567,2022-03-28,3.399,3.399,1.0,1.0,3.399
1239,34281694,003567,2022-03-29,3.3755,3.3755,1.0,1.0,3.3755
1240,34296152,003567,2022-03-30,3.4613,3.4613,1.0,1.0,3.4613
1241,34310369,003567,2022-03-31,3.3944,3.3944,1.0,1.0,3.3944
1242,34333935,003567,2022-04-01,3.4144,3.4144,1.0,1.0,3.4144
1243,34358152,003567,2022-04-06,3.3733,3.3733,1.0,1.0,3.3733
1244,34376114,003567,2022-04-07,3.3104,3.3104,1.0,1.0,3.3104
1245,34381437,003567,2022-04-08,3.2841,3.2841,1.0,1.0,3.2841
1246,34405610,003567,2022-04-11,3.1377,3.1377,1.0,1.0,3.1377
1247,34412367,003567,2022-04-12,3.1785,3.1785,1.0,1.0,3.1785
1248,34426335,003567,2022-04-13,3.141,3.141,1.0,1.0,3.141
1249,34449483,003567,2022-04-14,3.148,3.148,1.0,1.0,3.148
1250,34462538,003567,2022-04-15,3.102,3.102,1.0,1.0,3.102
1251,34476492,003567,2022-04-18,3.1307,3.1307,1.0,1.0,3.1307
1252,34485155,003567,2022-04-19,3.1263,3.1263,1.0,1.0,3.1263
1253,34507965,003567,2022-04-20,3.0701,3.0701,1.0,1.0,3.0701
1254,34518557,003567,2022-04-21,2.9518,2.9518,1.0,1.0,2.9518
1255,34535134,003567,2022-04-22,2.8963,2.8963,1.0,1.0,2.8963
1256,34550775,003567,2022-04-25,2.6705,2.6705,1.0,1.0,2.6705
1257,34560639,003567,2022-04-26,2.5764,2.5764,1.0,1.0,2.5764
1258,34574835,003567,2022-04-27,2.718,2.718,1.0,1.0,2.718
1259,34596737,003567,2022-04-28,2.7142,2.7142,1.0,1.0,2.7142
1260,34603178,003567,2022-04-29,2.8404,2.8404,1.0,1.0,2.8404
