,id,code,period_start,period_end,pub_date,report_type_id,report_type,rank,symbol,name,shares,market_cap,proportion
0,13246789,003567,2017-02-04,2017-06-30,2017-08-26,403005,半年度,1,600987,航民股份,800000.0,10368000.0,3.53
1,13246790,003567,2017-02-04,2017-06-30,2017-08-26,403005,半年度,2,002496,辉丰股份,1999986.0,9919930.56,3.38
2,13246791,003567,2017-02-04,2017-06-30,2017-08-26,403005,半年度,3,600104,上汽集团,300000.0,9315000.0,3.17
3,13246792,003567,2017-02-04,2017-06-30,2017-08-26,403005,半年度,4,300258,精锻科技,500000.0,8255000.0,2.81
4,13246793,003567,2017-02-04,2017-06-30,2017-08-26,403005,半年度,5,600019,宝钢股份,1000000.0,6710000.0,2.29
5,13246794,003567,2017-02-04,2017-06-30,2017-08-26,403005,半年度,6,601328,交通银行,1000000.0,6160000.0,2.1
6,13246795,003567,2017-02-04,2017-06-30,2017-08-26,403005,半年度,7,002511,中顺洁柔,449893.0,5952084.39,2.03
7,13246796,003567,2017-02-04,2017-06-30,2017-08-26,403005,半年度,8,601333,广深铁路,1300000.0,5876000.0,2.0
8,13246797,003567,2017-02-04,2017-06-30,2017-08-26,403005,半年度,9,600027,华电国际,1200000.0,5796000.0,1.97
9,13246798,003567,2017-02-04,2017-06-30,2017-08-26,403005,半年度,10,000581,威孚高科,200000.0,5180000.0,1.77
10,13246799,003567,2017-02-04,2017-06-30,2017-08-26,403005,半年度,11,000596,古井贡酒,100000.0,5095000.0,1.74
11,13246800,003567,2017-02-04,2017-06-30,2017-08-26,403005,半年度,12,600428,中远海特,800000.0,4976000.0,1.7
12,13246801,003567,2017-02-04,2017-06-30,2017-08-26,403005,半年度,13,000501,鄂武商Ａ,266248.0,4914938.08,1.67
13,13246802,003567,2017-02-04,2017-06-30,2017-08-26,403005,半年度,14,601800,中国交建,300000.0,4767000.0,1.62
14,13246803,003567,2017-02-04,2017-06-30,2017-08-26,403005,半年度,15,000963,华东医药,95616.0,4752115.2,1.62
15,13246804,003567,2017-02-04,2017-06-30,2017-08-26,403005,半年度,16,300316,晶盛机电,358138.0,4473143.62,1.52
16,13246805,003567,2017-02-04,2017-06-30,2017-08-26,403005,半年度,17,601799,星宇股份,100000.0,4422000.0,1.51
17,13246806,003567,2017-02-04,2017-06-30,2017-08-26,403005,半年度,18,600066,宇通客车,200000.0,4394000.0,1.5
18,13246807,003567,2017-02-04,2017-06-30,2017-08-26,403005,半年度,19,600029,南方航空,500000.0,4350000.0,1.48
19,13246808,003567,2017-02-04,2017-06-30,2017-08-26,403005,半年度,20,000968,蓝焰控股,300000.0,4338000.0,1.48
20,13246809,003567,2017-02-04,2017-06-30,2017-08-26,403005,半年度,21,002048,宁波华翔,200000.0,4172000.0,1.42
21,13246810,003567,2017-02-04,2017-06-30,2017-08-26,403005,半年度,22,002376,新北洋,300000.0,4116000.0,1.4
22,13246811,003567,2017-02-04,2017-06-30,2017-08-26,403005,半年度,23,601336,新华保险,80000.0,4112000.0,1.4
23,13246812,003567,2017-02-04,2017-06-30,2017-08-26,403005,半年度,24,601818,光大银行,1000000.0,4050000.0,1.38
24,13246813,003567,2017-02-04,2017-06-30,2017-08-26,403005,半年度,25,601111,中国国航,400000.0,3900000.0,1.33
25,13246814,003567,2017-02-04,2017-06-30,2017-08-26,403005,半年度,26,603368,柳州医药,66338.0,3797850.5,1.29
26,13246815,003567,2017-02-04,2017-06-30,2017-08-26,403005,半年度,27,600270,外运发展,200000.0,3786000.0,1.29
27,13246816,003567,2017-02-04,2017-06-30,2017-08-26,403005,半年度,28,600109,国金证券,300000.0,3516000.0,1.2
28,13246817,003567,2017-02-04,2017-06-30,2017-08-26,403005,半年度,29,603517,绝味食品,100000.0,3487000.0,1.19
29,13246818,003567,2017-02-04,2017-06-30,2017-08-26,403005,半年度,30,601021,春秋航空,100000.0,3363000.0,1.15
30,13246819,003567,2017-02-04,2017-06-30,2017-08-26,403005,半年度,31,002182,云海金属,365300.0,3357107.0,1.14
31,13246820,003567,2017-02-04,2017-06-30,2017-08-26,403005,半年度,32,002449,国星光电,200000.0,3310000.0,1.13
32,13246821,003567,2017-02-04,2017-06-30,2017-08-26,403005,半年度,33,600176,中国巨石,300000.0,3294000.0,1.12
33,13246822,003567,2017-02-04,2017-06-30,2017-08-26,403005,半年度,34,000049,德赛电池,60000.0,3108600.0,1.06
34,13246823,003567,2017-02-04,2017-06-30,2017-08-26,403005,半年度,35,002202,金风科技,200000.0,3094000.0,1.05
35,13246824,003567,2017-02-04,2017-06-30,2017-08-26,403005,半年度,36,600048,保利地产,300000.0,2991000.0,1.02
36,13246825,003567,2017-02-04,2017-06-30,2017-08-26,403005,半年度,37,002043,兔 宝 宝,200000.0,2768000.0,0.94
37,13246826,003567,2017-02-04,2017-06-30,2017-08-26,403005,半年度,38,300097,智云股份,99920.0,2697840.0,0.92
38,13246827,003567,2017-02-04,2017-06-30,2017-08-26,403005,半年度,39,000719,大地传媒,250000.0,2607500.0,0.89
39,13246828,003567,2017-02-04,2017-06-30,2017-08-26,403005,半年度,40,002127,南极电商,200000.0,2416000.0,0.82
40,13246829,003567,2017-02-04,2017-06-30,2017-08-26,403005,半年度,41,000418,小天鹅Ａ,50000.0,2339500.0,0.8
41,13246830,003567,2017-02-04,2017-06-30,2017-08-26,403005,半年度,42,600197,伊力特,115300.0,2251809.0,0.77
42,13246831,003567,2017-02-04,2017-06-30,2017-08-26,403005,半年度,43,000705,浙江震元,145800.0,1501740.0,0.51
43,13246832,003567,2017-02-04,2017-06-30,2017-08-26,403005,半年度,44,002831,裕同科技,20000.0,1500000.0,0.51
44,13246833,003567,2017-02-04,2017-06-30,2017-08-26,403005,半年度,45,603239,浙江仙通,50000.0,1301500.0,0.44
45,13246834,003567,2017-02-04,2017-06-30,2017-08-26,403005,半年度,46,300604,长川科技,26100.0,969615.0,0.33
46,13246835,003567,2017-02-04,2017-06-30,2017-08-26,403005,半年度,47,603043,广州酒家,1810.0,45738.7,0.02
47,13246836,003567,2017-02-04,2017-06-30,2017-08-26,403005,半年度,48,300666,江丰电子,2276.0,43448.84,0.01
48,13246837,003567,2017-02-04,2017-06-30,2017-08-26,403005,半年度,49,002879,长缆科技,1313.0,23660.26,0.01
49,13246838,003567,2017-02-04,2017-06-30,2017-08-26,403005,半年度,50,002881,美格智能,989.0,22608.54,0.01
50,13246839,003567,2017-02-04,2017-06-30,2017-08-26,403005,半年度,51,002882,金龙羽,2966.0,18389.2,0.01
51,13246840,003567,2017-02-04,2017-06-30,2017-08-26,403005,半年度,52,300669,沪宁股份,841.0,14650.22,0.0
52,13246841,003567,2017-02-04,2017-06-30,2017-08-26,403005,半年度,53,300670,大烨智能,1259.0,13760.87,0.0
53,13246842,003567,2017-02-04,2017-06-30,2017-08-26,403005,半年度,54,300672,国科微,1257.0,10659.36,0.0
54,13246843,003567,2017-02-04,2017-06-30,2017-08-26,403005,半年度,55,603331,百达精工,999.0,9620.37,0.0
55,13246844,003567,2017-02-04,2017-06-30,2017-08-26,403005,半年度,56,300671,富满电子,942.0,7639.62,0.0
56,13614842,003567,2017-02-04,2017-12-31,2018-03-28,403006,年度,1,000651,格力电器,170000.0,7429000.0,7.02
57,13614843,003567,2017-02-04,2017-12-31,2018-03-28,403006,年度,2,002440,闰土股份,240000.0,4725600.0,4.46
58,13614844,003567,2017-02-04,2017-12-31,2018-03-28,403006,年度,3,601288,农业银行,1200000.0,4596000.0,4.34
59,13614845,003567,2017-02-04,2017-12-31,2018-03-28,403006,年度,4,002202,金风科技,240000.0,4524000.0,4.27
60,13614846,003567,2017-02-04,2017-12-31,2018-03-28,403006,年度,5,000001,平安银行,320000.0,4256000.0,4.02
61,13614847,003567,2017-02-04,2017-12-31,2018-03-28,403006,年度,6,600690,青岛海尔,200000.0,3768000.0,3.56
62,13614848,003567,2017-02-04,2017-12-31,2018-03-28,403006,年度,7,601398,工商银行,600000.0,3720000.0,3.51
63,13614849,003567,2017-02-04,2017-12-31,2018-03-28,403006,年度,8,600183,生益科技,200000.0,3452000.0,3.26
64,13614850,003567,2017-02-04,2017-12-31,2018-03-28,403006,年度,9,600056,中国医药,138100.0,3437309.0,3.25
65,13614851,003567,2017-02-04,2017-12-31,2018-03-28,403006,年度,10,600600,青岛啤酒,82800.0,3256524.0,3.08
66,13614852,003567,2017-02-04,2017-12-31,2018-03-28,403006,年度,11,600887,伊利股份,100000.0,3219000.0,3.04
67,13614853,003567,2017-02-04,2017-12-31,2018-03-28,403006,年度,12,600138,中青旅,150000.0,3130500.0,2.96
68,13614854,003567,2017-02-04,2017-12-31,2018-03-28,403006,年度,13,600029,南方航空,250000.0,2980000.0,2.82
69,13614855,003567,2017-02-04,2017-12-31,2018-03-28,403006,年度,14,600004,白云机场,200000.0,2940000.0,2.78
70,13614856,003567,2017-02-04,2017-12-31,2018-03-28,403006,年度,15,600519,贵州茅台,4211.0,2937130.39,2.77
71,13614857,003567,2017-02-04,2017-12-31,2018-03-28,403006,年度,16,600036,招商银行,100000.0,2902000.0,2.74
72,13614858,003567,2017-02-04,2017-12-31,2018-03-28,403006,年度,17,000858,五 粮 液,30000.0,2396400.0,2.26
73,13614859,003567,2017-02-04,2017-12-31,2018-03-28,403006,年度,18,000910,大亚圣象,100000.0,2290000.0,2.16
74,13614860,003567,2017-02-04,2017-12-31,2018-03-28,403006,年度,19,002027,分众传媒,140000.0,1971200.0,1.86
75,13614861,003567,2017-02-04,2017-12-31,2018-03-28,403006,年度,20,600566,济川药业,50000.0,1907500.0,1.8
76,13614862,003567,2017-02-04,2017-12-31,2018-03-28,403006,年度,21,600027,华电国际,500000.0,1855000.0,1.75
77,13614863,003567,2017-02-04,2017-12-31,2018-03-28,403006,年度,22,002511,中顺洁柔,111050.0,1807894.0,1.71
78,13614864,003567,2017-02-04,2017-12-31,2018-03-28,403006,年度,23,000636,风华高科,150000.0,1782000.0,1.68
79,13614865,003567,2017-02-04,2017-12-31,2018-03-28,403006,年度,24,002798,帝王洁具,30000.0,1653300.0,1.56
80,13614866,003567,2017-02-04,2017-12-31,2018-03-28,403006,年度,25,000968,蓝焰控股,91200.0,1531248.0,1.45
81,13614867,003567,2017-02-04,2017-12-31,2018-03-28,403006,年度,26,600011,华能国际,45800.0,282586.0,0.27
82,13614868,003567,2017-02-04,2017-12-31,2018-03-28,403006,年度,27,002915,中欣氟材,1085.0,38181.15,0.04
83,13614869,003567,2017-02-04,2017-12-31,2018-03-28,403006,年度,28,300730,科创信息,821.0,34112.55,0.03
84,13105566,003567,2017-04-01,2017-06-30,2017-07-20,403002,第二季度,1,600987,航民股份,800000.0,10368000.0,3.53
85,13105567,003567,2017-04-01,2017-06-30,2017-07-20,403002,第二季度,2,002496,辉丰股份,1999986.0,9919930.56,3.38
86,13105568,003567,2017-04-01,2017-06-30,2017-07-20,403002,第二季度,3,600104,上汽集团,300000.0,9315000.0,3.17
87,13105569,003567,2017-04-01,2017-06-30,2017-07-20,403002,第二季度,4,300258,精锻科技,500000.0,8255000.0,2.81
88,13105570,003567,2017-04-01,2017-06-30,2017-07-20,403002,第二季度,5,600019,宝钢股份,1000000.0,6710000.0,2.29
89,13105571,003567,2017-04-01,2017-06-30,2017-07-20,403002,第二季度,6,601328,交通银行,1000000.0,6160000.0,2.1
90,13105572,003567,2017-04-01,2017-06-30,2017-07-20,403002,第二季度,7,002511,中顺洁柔,449893.0,5952084.39,2.03
91,13105573,003567,2017-04-01,2017-06-30,2017-07-20,403002,第二季度,8,601333,广深铁路,1300000.0,5876000.0,2.0
92,13105574,003567,2017-04-01,2017-06-30,2017-07-20,403002,第二季度,9,600027,华电国际,1200000.0,5796000.0,1.97
93,13105575,003567,2017-04-01,2017-06-30,2017-07-20,403002,第二季度,10,000581,威孚高科,200000.0,5180000.0,1.77
94,13443052,003567,2017-07-01,2017-09-30,2017-10-25,403003,第三季度,1,600027,华电国际,2000000.0,8800000.0,4.34
95,13443053,003567,2017-07-01,2017-09-30,2017-10-25,403003,第三季度,2,600872,中炬高新,300000.0,7089000.0,3.5
96,13443054,003567,2017-07-01,2017-09-30,2017-10-25,403003,第三季度,3,000651,格力电器,170000.0,6443000.0,3.18
97,13443055,003567,2017-07-01,2017-09-30,2017-10-25,403003,第三季度,4,000887,中鼎股份,300000.0,6255000.0,3.09
98,13443056,003567,2017-07-01,2017-09-30,2017-10-25,403003,第三季度,5,002556,辉隆股份,750000.0,6225000.0,3.07
99,13443057,003567,2017-07-01,2017-09-30,2017-10-25,403003,第三季度,6,000596,古井贡酒,100000.0,6188000.0,3.05
100,13443058,003567,2017-07-01,2017-09-30,2017-10-25,403003,第三季度,7,000858,五 粮 液,100000.0,5728000.0,2.83
101,13443059,003567,2017-07-01,2017-09-30,2017-10-25,403003,第三季度,8,600887,伊利股份,200000.0,5500000.0,2.71
102,13443060,003567,2017-07-01,2017-09-30,2017-10-25,403003,第三季度,9,601333,广深铁路,1000000.0,5060000.0,2.5
103,13443061,003567,2017-07-01,2017-09-30,2017-10-25,403003,第三季度,10,300031,宝通科技,249964.0,4956786.12,2.45
104,13486588,003567,2017-10-01,2017-12-31,2018-01-22,403004,第四季度,1,000651,格力电器,170000.0,7429000.0,7.02
105,13486589,003567,2017-10-01,2017-12-31,2018-01-22,403004,第四季度,2,002440,闰土股份,240000.0,4725600.0,4.46
106,13486590,003567,2017-10-01,2017-12-31,2018-01-22,403004,第四季度,3,601288,农业银行,1200000.0,4596000.0,4.34
107,13486591,003567,2017-10-01,2017-12-31,2018-01-22,403004,第四季度,4,002202,金风科技,240000.0,4524000.0,4.27
108,13486592,003567,2017-10-01,2017-12-31,2018-01-22,403004,第四季度,5,000001,平安银行,320000.0,4256000.0,4.02
109,13486593,003567,2017-10-01,2017-12-31,2018-01-22,403004,第四季度,6,600690,青岛海尔,200000.0,3768000.0,3.56
110,13486594,003567,2017-10-01,2017-12-31,2018-01-22,403004,第四季度,7,601398,工商银行,600000.0,3720000.0,3.51
111,13486595,003567,2017-10-01,2017-12-31,2018-01-22,403004,第四季度,8,600183,生益科技,200000.0,3452000.0,3.26
112,13486596,003567,2017-10-01,2017-12-31,2018-01-22,403004,第四季度,9,600056,中国医药,138100.0,3437309.0,3.25
113,13486597,003567,2017-10-01,2017-12-31,2018-01-22,403004,第四季度,10,600600,青岛啤酒,82800.0,3256524.0,3.08
114,13823001,003567,2018-01-01,2018-03-31,2018-04-21,403001,第一季度,1,600519,贵州茅台,6011.0,4109239.82,4.68
115,13823002,003567,2018-01-01,2018-03-31,2018-04-21,403001,第一季度,2,002516,旷达科技,700000.0,3871000.0,4.41
116,13823003,003567,2018-01-01,2018-03-31,2018-04-21,403001,第一季度,3,000651,格力电器,80400.0,3770760.0,4.3
117,13823004,003567,2018-01-01,2018-03-31,2018-04-21,403001,第一季度,4,002376,新北洋,200000.0,3416000.0,3.89
118,13823005,003567,2018-01-01,2018-03-31,2018-04-21,403001,第一季度,5,002202,金风科技,180000.0,3261600.0,3.72
119,13823006,003567,2018-01-01,2018-03-31,2018-04-21,403001,第一季度,6,600056,中国医药,125000.0,2971250.0,3.39
120,13823007,003567,2018-01-01,2018-03-31,2018-04-21,403001,第一季度,7,603708,家家悦,140000.0,2912000.0,3.32
121,13823008,003567,2018-01-01,2018-03-31,2018-04-21,403001,第一季度,8,300121,阳谷华泰,200000.0,2794000.0,3.18
122,13823009,003567,2018-01-01,2018-03-31,2018-04-21,403001,第一季度,9,600027,华电国际,700000.0,2660000.0,3.03
123,13823010,003567,2018-01-01,2018-03-31,2018-04-21,403001,第一季度,10,600900,长江电力,157200.0,2518344.0,2.87
124,13932685,003567,2018-01-01,2018-06-30,2018-08-25,403005,半年度,1,000651,格力电器,70400.0,3319360.0,4.56
125,13932686,003567,2018-01-01,2018-06-30,2018-08-25,403005,半年度,2,300121,阳谷华泰,211900.0,2972957.0,4.08
126,13932687,003567,2018-01-01,2018-06-30,2018-08-25,403005,半年度,3,601318,中国平安,50000.0,2929000.0,4.02
127,13932688,003567,2018-01-01,2018-06-30,2018-08-25,403005,半年度,4,002202,金风科技,230000.0,2907200.0,3.99
128,13932689,003567,2018-01-01,2018-06-30,2018-08-25,403005,半年度,5,002557,洽洽食品,190000.0,2897500.0,3.98
129,13932690,003567,2018-01-01,2018-06-30,2018-08-25,403005,半年度,6,600529,山东药玻,110000.0,2676300.0,3.67
130,13932691,003567,2018-01-01,2018-06-30,2018-08-25,403005,半年度,7,600519,贵州茅台,3511.0,2568156.06,3.53
131,13932692,003567,2018-01-01,2018-06-30,2018-08-25,403005,半年度,8,000977,浪潮信息,100000.0,2385000.0,3.27
132,13932693,003567,2018-01-01,2018-06-30,2018-08-25,403005,半年度,9,002867,周大生,69915.0,2201623.35,3.02
133,13932694,003567,2018-01-01,2018-06-30,2018-08-25,403005,半年度,10,002293,罗莱生活,140000.0,2104200.0,2.89
134,13932695,003567,2018-01-01,2018-06-30,2018-08-25,403005,半年度,11,002327,富安娜,180000.0,1951200.0,2.68
135,13932696,003567,2018-01-01,2018-06-30,2018-08-25,403005,半年度,12,002511,中顺洁柔,188785.0,1778354.7,2.44
136,13932697,003567,2018-01-01,2018-06-30,2018-08-25,403005,半年度,13,601336,新华保险,40000.0,1715200.0,2.36
137,13932698,003567,2018-01-01,2018-06-30,2018-08-25,403005,半年度,14,600887,伊利股份,60000.0,1674000.0,2.3
138,13932699,003567,2018-01-01,2018-06-30,2018-08-25,403005,半年度,15,300348,长亮科技,60000.0,1666200.0,2.29
139,13932700,003567,2018-01-01,2018-06-30,2018-08-25,403005,半年度,16,000858,五 粮 液,20000.0,1520000.0,2.09
140,13932701,003567,2018-01-01,2018-06-30,2018-08-25,403005,半年度,17,002376,新北洋,90000.0,1488600.0,2.04
141,13932702,003567,2018-01-01,2018-06-30,2018-08-25,403005,半年度,18,300253,卫宁健康,100000.0,1239000.0,1.7
142,13932703,003567,2018-01-01,2018-06-30,2018-08-25,403005,半年度,19,601339,百隆东方,199901.0,1149430.75,1.58
143,13932704,003567,2018-01-01,2018-06-30,2018-08-25,403005,半年度,20,600845,宝信软件,40000.0,1054000.0,1.45
144,13932705,003567,2018-01-01,2018-06-30,2018-08-25,403005,半年度,21,600104,上汽集团,30000.0,1049700.0,1.44
145,13932706,003567,2018-01-01,2018-06-30,2018-08-25,403005,半年度,22,002507,涪陵榨菜,40000.0,1027200.0,1.41
146,13932707,003567,2018-01-01,2018-06-30,2018-08-25,403005,半年度,23,002258,利尔化学,50000.0,968000.0,1.33
147,13932708,003567,2018-01-01,2018-06-30,2018-08-25,403005,半年度,24,002912,中新赛克,10000.0,940000.0,1.29
148,13932709,003567,2018-01-01,2018-06-30,2018-08-25,403005,半年度,25,300188,美亚柏科,49925.0,913627.5,1.25
149,13932710,003567,2018-01-01,2018-06-30,2018-08-25,403005,半年度,26,000596,古井贡酒,10000.0,887800.0,1.22
150,13932711,003567,2018-01-01,2018-06-30,2018-08-25,403005,半年度,27,000338,潍柴动力,100000.0,875000.0,1.2
151,13932712,003567,2018-01-01,2018-06-30,2018-08-25,403005,半年度,28,300078,思创医惠,90000.0,853200.0,1.17
152,13932713,003567,2018-01-01,2018-06-30,2018-08-25,403005,半年度,29,300047,天源迪科,50000.0,780000.0,1.07
153,13932714,003567,2018-01-01,2018-06-30,2018-08-25,403005,半年度,30,300059,东方财富,50000.0,659000.0,0.9
154,13932715,003567,2018-01-01,2018-06-30,2018-08-25,403005,半年度,31,603589,口子窖,10000.0,614500.0,0.84
155,14356165,003567,2018-01-01,2018-12-31,2019-03-26,403006,年度,1,002557,洽洽食品,130900.0,2492336.0,4.2
156,14356166,003567,2018-01-01,2018-12-31,2019-03-26,403006,年度,2,002511,中顺洁柔,272585.0,2322424.2,3.91
157,14356167,003567,2018-01-01,2018-12-31,2019-03-26,403006,年度,3,000895,双汇发展,95000.0,2241050.0,3.78
158,14356168,003567,2018-01-01,2018-12-31,2019-03-26,403006,年度,4,300596,利安隆,67400.0,2089400.0,3.52
159,14356169,003567,2018-01-01,2018-12-31,2019-03-26,403006,年度,5,600547,山东黄金,67513.0,2042268.25,3.44
160,14356170,003567,2018-01-01,2018-12-31,2019-03-26,403006,年度,6,002810,山东赫达,109138.0,1945930.54,3.28
161,14356171,003567,2018-01-01,2018-12-31,2019-03-26,403006,年度,7,601965,中国汽研,245900.0,1740972.0,2.93
162,14356172,003567,2018-01-01,2018-12-31,2019-03-26,403006,年度,8,600529,山东药玻,89980.0,1709620.0,2.88
163,14356173,003567,2018-01-01,2018-12-31,2019-03-26,403006,年度,9,002643,万润股份,142000.0,1437040.0,2.42
164,14356174,003567,2018-01-01,2018-12-31,2019-03-26,403006,年度,10,603708,家家悦,60600.0,1217454.0,2.05
165,14356175,003567,2018-01-01,2018-12-31,2019-03-26,403006,年度,11,002376,新北洋,78000.0,1196520.0,2.02
166,14356176,003567,2018-01-01,2018-12-31,2019-03-26,403006,年度,12,600027,华电国际,248100.0,1178475.0,1.99
167,14356177,003567,2018-01-01,2018-12-31,2019-03-26,403006,年度,13,600201,生物股份,69800.0,1158680.0,1.95
168,14356178,003567,2018-01-01,2018-12-31,2019-03-26,403006,年度,14,300271,华宇软件,71900.0,1079219.0,1.82
169,14356179,003567,2018-01-01,2018-12-31,2019-03-26,403006,年度,15,600305,恒顺醋业,100000.0,1040000.0,1.75
170,14356180,003567,2018-01-01,2018-12-31,2019-03-26,403006,年度,16,300559,佳发教育,30000.0,1033500.0,1.74
171,14356181,003567,2018-01-01,2018-12-31,2019-03-26,403006,年度,17,000902,新洋丰,114000.0,1021440.0,1.72
172,14356182,003567,2018-01-01,2018-12-31,2019-03-26,403006,年度,18,600757,长江传媒,139800.0,911496.0,1.54
173,14356183,003567,2018-01-01,2018-12-31,2019-03-26,403006,年度,19,002821,凯莱英,12800.0,868480.0,1.46
174,14356184,003567,2018-01-01,2018-12-31,2019-03-26,403006,年度,20,600566,济川药业,25100.0,841603.0,1.42
175,14356185,003567,2018-01-01,2018-12-31,2019-03-26,403006,年度,21,002299,圣农发展,49000.0,810460.0,1.37
176,14356186,003567,2018-01-01,2018-12-31,2019-03-26,403006,年度,22,002831,裕同科技,20000.0,801200.0,1.35
177,14356187,003567,2018-01-01,2018-12-31,2019-03-26,403006,年度,23,600900,长江电力,50000.0,794000.0,1.34
178,14356188,003567,2018-01-01,2018-12-31,2019-03-26,403006,年度,24,300413,芒果超媒,20000.0,740200.0,1.25
179,14356189,003567,2018-01-01,2018-12-31,2019-03-26,403006,年度,25,600489,中金黄金,84400.0,724152.0,1.22
180,14356190,003567,2018-01-01,2018-12-31,2019-03-26,403006,年度,26,601888,中国国旅,11600.0,698320.0,1.18
181,14356191,003567,2018-01-01,2018-12-31,2019-03-26,403006,年度,27,002475,立讯精密,44300.0,622858.0,1.05
182,14356192,003567,2018-01-01,2018-12-31,2019-03-26,403006,年度,28,603486,科沃斯,12900.0,593787.0,1.0
183,14356193,003567,2018-01-01,2018-12-31,2019-03-26,403006,年度,29,300207,欣旺达,66500.0,571235.0,0.96
184,14356194,003567,2018-01-01,2018-12-31,2019-03-26,403006,年度,30,600748,上实发展,106800.0,570312.0,0.96
185,14356195,003567,2018-01-01,2018-12-31,2019-03-26,403006,年度,31,300122,智飞生物,13900.0,538764.0,0.91
186,14356196,003567,2018-01-01,2018-12-31,2019-03-26,403006,年度,32,300481,濮阳惠成,49800.0,534852.0,0.9
187,14356197,003567,2018-01-01,2018-12-31,2019-03-26,403006,年度,33,002925,盈趣科技,12000.0,526560.0,0.89
188,14356198,003567,2018-01-01,2018-12-31,2019-03-26,403006,年度,34,002007,华兰生物,15900.0,521520.0,0.88
189,14356199,003567,2018-01-01,2018-12-31,2019-03-26,403006,年度,35,002701,奥瑞金,100000.0,506000.0,0.85
190,13868274,003567,2018-04-01,2018-06-30,2018-07-18,403002,第二季度,1,000651,格力电器,70400.0,3319360.0,4.56
191,13868275,003567,2018-04-01,2018-06-30,2018-07-18,403002,第二季度,2,300121,阳谷华泰,211900.0,2972957.0,4.08
192,13868276,003567,2018-04-01,2018-06-30,2018-07-18,403002,第二季度,3,601318,中国平安,50000.0,2929000.0,4.02
193,13868277,003567,2018-04-01,2018-06-30,2018-07-18,403002,第二季度,4,002202,金风科技,230000.0,2907200.0,3.99
194,13868278,003567,2018-04-01,2018-06-30,2018-07-18,403002,第二季度,5,002557,洽洽食品,190000.0,2897500.0,3.98
195,13868279,003567,2018-04-01,2018-06-30,2018-07-18,403002,第二季度,6,600529,山东药玻,110000.0,2676300.0,3.67
196,13868280,003567,2018-04-01,2018-06-30,2018-07-18,403002,第二季度,7,600519,贵州茅台,3511.0,2568156.06,3.53
197,13868281,003567,2018-04-01,2018-06-30,2018-07-18,403002,第二季度,8,000977,浪潮信息,100000.0,2385000.0,3.27
198,13868282,003567,2018-04-01,2018-06-30,2018-07-18,403002,第二季度,9,002867,周大生,69915.0,2201623.35,3.02
199,13868283,003567,2018-04-01,2018-06-30,2018-07-18,403002,第二季度,10,002293,罗莱生活,140000.0,2104200.0,2.89
200,14223734,003567,2018-07-01,2018-09-30,2018-10-26,403003,第三季度,1,002202,金风科技,280000.0,3362800.0,4.9
201,14223735,003567,2018-07-01,2018-09-30,2018-10-26,403003,第三季度,2,002557,洽洽食品,190000.0,3279400.0,4.78
202,14223736,003567,2018-07-01,2018-09-30,2018-10-26,403003,第三季度,3,300144,宋城演艺,80000.0,1780000.0,2.59
203,14223737,003567,2018-07-01,2018-09-30,2018-10-26,403003,第三季度,4,002299,圣农发展,100000.0,1636000.0,2.38
204,14223738,003567,2018-07-01,2018-09-30,2018-10-26,403003,第三季度,5,002511,中顺洁柔,188785.0,1557476.25,2.27
205,14223739,003567,2018-07-01,2018-09-30,2018-10-26,403003,第三季度,6,600529,山东药玻,89980.0,1537758.2,2.24
206,14223740,003567,2018-07-01,2018-09-30,2018-10-26,403003,第三季度,7,002007,华兰生物,39100.0,1481890.0,2.16
207,14223741,003567,2018-07-01,2018-09-30,2018-10-26,403003,第三季度,8,600519,贵州茅台,2011.0,1468030.0,2.14
208,14223742,003567,2018-07-01,2018-09-30,2018-10-26,403003,第三季度,9,603788,宁波高发,75900.0,1439064.0,2.1
209,14223743,003567,2018-07-01,2018-09-30,2018-10-26,403003,第三季度,10,600566,济川药业,35800.0,1410162.0,2.05
210,14248813,003567,2018-10-01,2018-12-31,2019-01-21,403004,第四季度,1,002557,洽洽食品,130900.0,2492336.0,4.2
211,14248814,003567,2018-10-01,2018-12-31,2019-01-21,403004,第四季度,2,002511,中顺洁柔,272585.0,2322424.2,3.91
212,14248815,003567,2018-10-01,2018-12-31,2019-01-21,403004,第四季度,3,000895,双汇发展,95000.0,2241050.0,3.78
213,14248816,003567,2018-10-01,2018-12-31,2019-01-21,403004,第四季度,4,300596,利安隆,67400.0,2089400.0,3.52
214,14248817,003567,2018-10-01,2018-12-31,2019-01-21,403004,第四季度,5,600547,山东黄金,67513.0,2042268.25,3.44
215,14248818,003567,2018-10-01,2018-12-31,2019-01-21,403004,第四季度,6,002810,山东赫达,109138.0,1945930.54,3.28
216,14248819,003567,2018-10-01,2018-12-31,2019-01-21,403004,第四季度,7,601965,中国汽研,245900.0,1740972.0,2.93
217,14248820,003567,2018-10-01,2018-12-31,2019-01-21,403004,第四季度,8,600529,山东药玻,89980.0,1709620.0,2.88
218,14248821,003567,2018-10-01,2018-12-31,2019-01-21,403004,第四季度,9,002643,万润股份,142000.0,1437040.0,2.42
219,14248822,003567,2018-10-01,2018-12-31,2019-01-21,403004,第四季度,10,603708,家家悦,60600.0,1217454.0,2.05
220,14578671,003567,2019-01-01,2019-03-31,2019-04-20,403001,第一季度,1,002810,山东赫达,109138.0,2755734.5,4.26
221,14578672,003567,2019-01-01,2019-03-31,2019-04-20,403001,第一季度,2,600887,伊利股份,80600.0,2346266.0,3.63
222,14578673,003567,2019-01-01,2019-03-31,2019-04-20,403001,第一季度,3,002157,正邦科技,114200.0,1860318.0,2.88
223,14578674,003567,2019-01-01,2019-03-31,2019-04-20,403001,第一季度,4,002444,巨星科技,146700.0,1789740.0,2.77
224,14578675,003567,2019-01-01,2019-03-31,2019-04-20,403001,第一季度,5,600050,中国联通,248900.0,1690031.0,2.61
225,14578676,003567,2019-01-01,2019-03-31,2019-04-20,403001,第一季度,6,002557,洽洽食品,63100.0,1626718.0,2.52
226,14578677,003567,2019-01-01,2019-03-31,2019-04-20,403001,第一季度,7,300596,利安隆,40100.0,1505354.0,2.33
227,14578678,003567,2019-01-01,2019-03-31,2019-04-20,403001,第一季度,8,603708,家家悦,60600.0,1492578.0,2.31
228,14578679,003567,2019-01-01,2019-03-31,2019-04-20,403001,第一季度,9,002798,帝欧家居,54000.0,1290600.0,2.0
229,14578680,003567,2019-01-01,2019-03-31,2019-04-20,403001,第一季度,10,002120,韵达股份,33000.0,1275450.0,1.97
230,14753683,003567,2019-01-01,2019-06-30,2019-08-29,403005,半年度,1,002810,山东赫达,174621.0,2462156.1,3.89
231,14753684,003567,2019-01-01,2019-06-30,2019-08-29,403005,半年度,2,000858,五粮液,19200.0,2264640.0,3.58
232,14753685,003567,2019-01-01,2019-06-30,2019-08-29,403005,半年度,3,601398,工商银行,381700.0,2248213.0,3.55
233,14753686,003567,2019-01-01,2019-06-30,2019-08-29,403005,半年度,4,600036,招商银行,54400.0,1957312.0,3.09
234,14753687,003567,2019-01-01,2019-06-30,2019-08-29,403005,半年度,5,000651,格力电器,28900.0,1589500.0,2.51
235,14753688,003567,2019-01-01,2019-06-30,2019-08-29,403005,半年度,6,002511,中顺洁柔,116900.0,1435532.0,2.27
236,14753689,003567,2019-01-01,2019-06-30,2019-08-29,403005,半年度,7,601939,建设银行,178800.0,1330272.0,2.1
237,14753690,003567,2019-01-01,2019-06-30,2019-08-29,403005,半年度,8,002120,韵达股份,42900.0,1322178.0,2.09
238,14753691,003567,2019-01-01,2019-06-30,2019-08-29,403005,半年度,9,600547,山东黄金,31400.0,1292738.0,2.04
239,14753692,003567,2019-01-01,2019-06-30,2019-08-29,403005,半年度,10,600332,白云山,30800.0,1261876.0,1.99
240,14753693,003567,2019-01-01,2019-06-30,2019-08-29,403005,半年度,11,000001,平安银行,90500.0,1247090.0,1.97
241,14753694,003567,2019-01-01,2019-06-30,2019-08-29,403005,半年度,12,000401,冀东水泥,69800.0,1229178.0,1.94
242,14753695,003567,2019-01-01,2019-06-30,2019-08-29,403005,半年度,13,000568,泸州老窖,14900.0,1204367.0,1.9
243,14753696,003567,2019-01-01,2019-06-30,2019-08-29,403005,半年度,14,601288,农业银行,330900.0,1191240.0,1.88
244,14753697,003567,2019-01-01,2019-06-30,2019-08-29,403005,半年度,15,300413,芒果超媒,28900.0,1186345.0,1.87
245,14753698,003567,2019-01-01,2019-06-30,2019-08-29,403005,半年度,16,600028,中国石化,215700.0,1179879.0,1.86
246,14753699,003567,2019-01-01,2019-06-30,2019-08-29,403005,半年度,17,600529,山东药玻,48093.0,1095558.54,1.73
247,14753700,003567,2019-01-01,2019-06-30,2019-08-29,403005,半年度,18,601688,华泰证券,48300.0,1078056.0,1.7
248,14753701,003567,2019-01-01,2019-06-30,2019-08-29,403005,半年度,19,002142,宁波银行,43800.0,1061712.0,1.68
249,14753702,003567,2019-01-01,2019-06-30,2019-08-29,403005,半年度,20,601088,中国神华,50000.0,1019000.0,1.61
250,14753703,003567,2019-01-01,2019-06-30,2019-08-29,403005,半年度,21,002557,洽洽食品,39400.0,994850.0,1.57
251,14753704,003567,2019-01-01,2019-06-30,2019-08-29,403005,半年度,22,002311,海大集团,30900.0,954810.0,1.51
252,14753705,003567,2019-01-01,2019-06-30,2019-08-29,403005,半年度,23,600600,青岛啤酒,19000.0,948670.0,1.5
253,14753706,003567,2019-01-01,2019-06-30,2019-08-29,403005,半年度,24,000333,美的集团,18000.0,933480.0,1.47
254,14753707,003567,2019-01-01,2019-06-30,2019-08-29,403005,半年度,25,600276,恒瑞医药,13800.0,910800.0,1.44
255,14753708,003567,2019-01-01,2019-06-30,2019-08-29,403005,半年度,26,300146,汤臣倍健,43000.0,834200.0,1.32
256,14753709,003567,2019-01-01,2019-06-30,2019-08-29,403005,半年度,27,002463,沪电股份,60500.0,824010.0,1.3
257,14753710,003567,2019-01-01,2019-06-30,2019-08-29,403005,半年度,28,300559,佳发教育,28500.0,675735.0,1.07
258,14753711,003567,2019-01-01,2019-06-30,2019-08-29,403005,半年度,29,600004,白云机场,36700.0,667940.0,1.05
259,14753712,003567,2019-01-01,2019-06-30,2019-08-29,403005,半年度,30,002475,立讯精密,26500.0,656935.0,1.04
260,14753713,003567,2019-01-01,2019-06-30,2019-08-29,403005,半年度,31,601318,中国平安,7200.0,637992.0,1.01
261,14753714,003567,2019-01-01,2019-06-30,2019-08-29,403005,半年度,32,000063,中兴通讯,19500.0,634335.0,1.0
262,14753715,003567,2019-01-01,2019-06-30,2019-08-29,403005,半年度,33,600259,广晟有色,15600.0,628680.0,0.99
263,14753716,003567,2019-01-01,2019-06-30,2019-08-29,403005,半年度,34,300630,普利制药,10900.0,628058.0,0.99
264,14753717,003567,2019-01-01,2019-06-30,2019-08-29,403005,半年度,35,002415,海康威视,22700.0,626066.0,0.99
265,14753718,003567,2019-01-01,2019-06-30,2019-08-29,403005,半年度,36,002398,建研集团,93200.0,598344.0,0.94
266,14753719,003567,2019-01-01,2019-06-30,2019-08-29,403005,半年度,37,600519,贵州茅台,600.0,590400.0,0.93
267,14753720,003567,2019-01-01,2019-06-30,2019-08-29,403005,半年度,38,603368,柳药股份,17900.0,588552.0,0.93
268,14753721,003567,2019-01-01,2019-06-30,2019-08-29,403005,半年度,39,600536,中国软件,10300.0,552801.0,0.87
269,14753722,003567,2019-01-01,2019-06-30,2019-08-29,403005,半年度,40,603214,爱婴室,14700.0,539049.0,0.85
270,14753723,003567,2019-01-01,2019-06-30,2019-08-29,403005,半年度,41,600837,海通证券,37400.0,530706.0,0.84
271,14753724,003567,2019-01-01,2019-06-30,2019-08-29,403005,半年度,42,300782,卓胜微,421.0,45855.32,0.07
272,14753725,003567,2019-01-01,2019-06-30,2019-08-29,403005,半年度,43,600968,海油发展,11497.0,40814.35,0.06
273,14753726,003567,2019-01-01,2019-06-30,2019-08-29,403005,半年度,44,603217,元利科技,535.0,35973.4,0.06
274,14753727,003567,2019-01-01,2019-06-30,2019-08-29,403005,半年度,45,601236,红塔证券,9789.0,33869.94,0.05
275,14753728,003567,2019-01-01,2019-06-30,2019-08-29,403005,半年度,46,601698,中国卫通,7443.0,29176.56,0.05
276,14753729,003567,2019-01-01,2019-06-30,2019-08-29,403005,半年度,47,603867,新化股份,1045.0,26971.45,0.04
277,14753730,003567,2019-01-01,2019-06-30,2019-08-29,403005,半年度,48,300594,朗进科技,559.0,24657.49,0.04
278,14753731,003567,2019-01-01,2019-06-30,2019-08-29,403005,半年度,49,603863,松炀资源,491.0,11332.28,0.02
279,16244657,003567,2019-01-01,2019-12-31,2020-04-09,403006,年度,1,600519,贵州茅台,2200.0,2602600.0,5.01
280,16244658,003567,2019-01-01,2019-12-31,2020-04-09,403006,年度,2,603589,口子窖,46900.0,2575279.0,4.96
281,16244659,003567,2019-01-01,2019-12-31,2020-04-09,403006,年度,3,002142,宁波银行,80400.0,2263260.0,4.36
282,16244660,003567,2019-01-01,2019-12-31,2020-04-09,403006,年度,4,000895,双汇发展,71300.0,2069839.0,3.99
283,16244661,003567,2019-01-01,2019-12-31,2020-04-09,403006,年度,5,000651,格力电器,29700.0,1947726.0,3.75
284,16244662,003567,2019-01-01,2019-12-31,2020-04-09,403006,年度,6,600968,海油发展,586300.0,1717859.0,3.31
285,16244663,003567,2019-01-01,2019-12-31,2020-04-09,403006,年度,7,601318,中国平安,20100.0,1717746.0,3.31
286,16244664,003567,2019-01-01,2019-12-31,2020-04-09,403006,年度,8,600547,山东黄金,49980.0,1630347.6,3.14
287,16244665,003567,2019-01-01,2019-12-31,2020-04-09,403006,年度,9,601933,永辉超市,195800.0,1476332.0,2.84
288,16244666,003567,2019-01-01,2019-12-31,2020-04-09,403006,年度,10,300750,宁德时代,13700.0,1457680.0,2.81
289,16244667,003567,2019-01-01,2019-12-31,2020-04-09,403006,年度,11,300136,信维通信,27600.0,1252488.0,2.41
290,16244668,003567,2019-01-01,2019-12-31,2020-04-09,403006,年度,12,002384,东山精密,53000.0,1226950.0,2.36
291,16244669,003567,2019-01-01,2019-12-31,2020-04-09,403006,年度,13,600837,海通证券,76400.0,1181144.0,2.27
292,16244670,003567,2019-01-01,2019-12-31,2020-04-09,403006,年度,14,600048,保利地产,72700.0,1176286.0,2.27
293,16244671,003567,2019-01-01,2019-12-31,2020-04-09,403006,年度,15,600741,华域汽车,45200.0,1174748.0,2.26
294,16244672,003567,2019-01-01,2019-12-31,2020-04-09,403006,年度,16,600409,三友化工,172500.0,1090200.0,2.1
295,16244673,003567,2019-01-01,2019-12-31,2020-04-09,403006,年度,17,000768,中航飞机,66400.0,1087632.0,2.09
296,16244674,003567,2019-01-01,2019-12-31,2020-04-09,403006,年度,18,600760,中航沈飞,34300.0,1083880.0,2.09
297,16244675,003567,2019-01-01,2019-12-31,2020-04-09,403006,年度,19,601888,中国国旅,12100.0,1076295.0,2.07
298,16244676,003567,2019-01-01,2019-12-31,2020-04-09,403006,年度,20,601111,中国国航,109600.0,1062024.0,2.05
299,16244677,003567,2019-01-01,2019-12-31,2020-04-09,403006,年度,21,600038,中直股份,22200.0,1059162.0,2.04
300,16244678,003567,2019-01-01,2019-12-31,2020-04-09,403006,年度,22,300559,佳发教育,35766.0,1047943.8,2.02
301,16244679,003567,2019-01-01,2019-12-31,2020-04-09,403006,年度,23,000581,威孚高科,51800.0,986790.0,1.9
302,16244680,003567,2019-01-01,2019-12-31,2020-04-09,403006,年度,24,300496,中科创达,12100.0,546194.0,1.05
303,16244681,003567,2019-01-01,2019-12-31,2020-04-09,403006,年度,25,002399,海普瑞,27900.0,544329.0,1.05
304,16244682,003567,2019-01-01,2019-12-31,2020-04-09,403006,年度,26,002602,世纪华通,47100.0,538353.0,1.04
305,16244683,003567,2019-01-01,2019-12-31,2020-04-09,403006,年度,27,603666,亿嘉和,7600.0,538080.0,1.04
306,16244684,003567,2019-01-01,2019-12-31,2020-04-09,403006,年度,28,000830,鲁西化工,51100.0,537061.0,1.03
307,16244685,003567,2019-01-01,2019-12-31,2020-04-09,403006,年度,29,002241,歌尔股份,26600.0,529872.0,1.02
308,16244686,003567,2019-01-01,2019-12-31,2020-04-09,403006,年度,30,603583,捷昌驱动,11700.0,521001.0,1.0
309,16244687,003567,2019-01-01,2019-12-31,2020-04-09,403006,年度,31,002174,游族网络,22100.0,514267.0,0.99
310,16244688,003567,2019-01-01,2019-12-31,2020-04-09,403006,年度,32,603489,八方股份,5000.0,513700.0,0.99
311,16244689,003567,2019-01-01,2019-12-31,2020-04-09,403006,年度,33,300438,鹏辉能源,18800.0,503840.0,0.97
312,16244690,003567,2019-01-01,2019-12-31,2020-04-09,403006,年度,34,002449,国星光电,39000.0,498810.0,0.96
313,16244691,003567,2019-01-01,2019-12-31,2020-04-09,403006,年度,35,002972,科安达,1075.0,21532.25,0.04
314,16244692,003567,2019-01-01,2019-12-31,2020-04-09,403006,年度,36,603109,神驰机电,466.0,12335.02,0.02
315,16244693,003567,2019-01-01,2019-12-31,2020-04-09,403006,年度,37,002973,侨银环保,1146.0,6578.04,0.01
316,14626604,003567,2019-04-01,2019-06-30,2019-07-17,403002,第二季度,1,002810,山东赫达,174621.0,2462156.1,3.89
317,14626605,003567,2019-04-01,2019-06-30,2019-07-17,403002,第二季度,2,000858,五粮液,19200.0,2264640.0,3.58
318,14626606,003567,2019-04-01,2019-06-30,2019-07-17,403002,第二季度,3,601398,工商银行,381700.0,2248213.0,3.55
319,14626607,003567,2019-04-01,2019-06-30,2019-07-17,403002,第二季度,4,600036,招商银行,54400.0,1957312.0,3.09
320,14626608,003567,2019-04-01,2019-06-30,2019-07-17,403002,第二季度,5,000651,格力电器,28900.0,1589500.0,2.51
321,14626609,003567,2019-04-01,2019-06-30,2019-07-17,403002,第二季度,6,002511,中顺洁柔,116900.0,1435532.0,2.27
322,14626610,003567,2019-04-01,2019-06-30,2019-07-17,403002,第二季度,7,601939,建设银行,178800.0,1330272.0,2.1
323,14626611,003567,2019-04-01,2019-06-30,2019-07-17,403002,第二季度,8,002120,韵达股份,42900.0,1322178.0,2.09
324,14626612,003567,2019-04-01,2019-06-30,2019-07-17,403002,第二季度,9,600547,山东黄金,31400.0,1292738.0,2.04
325,14626613,003567,2019-04-01,2019-06-30,2019-07-17,403002,第二季度,10,600332,白云山,30800.0,1261876.0,1.99
326,15013374,003567,2019-07-01,2019-09-30,2019-10-22,403003,第三季度,1,600519,贵州茅台,2200.0,2530000.0,4.44
327,15013375,003567,2019-07-01,2019-09-30,2019-10-22,403003,第三季度,2,600276,恒瑞医药,28600.0,2307448.0,4.05
328,15013376,003567,2019-07-01,2019-09-30,2019-10-22,403003,第三季度,3,000858,五粮液,17700.0,2297460.0,4.03
329,15013377,003567,2019-07-01,2019-09-30,2019-10-22,403003,第三季度,4,300498,温氏股份,60000.0,2230800.0,3.91
330,15013378,003567,2019-07-01,2019-09-30,2019-10-22,403003,第三季度,5,601398,工商银行,381700.0,2110801.0,3.7
331,15013379,003567,2019-07-01,2019-09-30,2019-10-22,403003,第三季度,6,600036,招商银行,50400.0,1751400.0,3.07
332,15013380,003567,2019-07-01,2019-09-30,2019-10-22,403003,第三季度,7,600547,山东黄金,49980.0,1693822.2,2.97
333,15013381,003567,2019-07-01,2019-09-30,2019-10-22,403003,第三季度,8,601928,凤凰传媒,154300.0,1311550.0,2.3
334,15013382,003567,2019-07-01,2019-09-30,2019-10-22,403003,第三季度,9,601009,南京银行,146000.0,1254140.0,2.2
335,15013383,003567,2019-07-01,2019-09-30,2019-10-22,403003,第三季度,10,603259,药明康德,14300.0,1239810.0,2.17
336,15066377,003567,2019-10-01,2019-12-31,2020-01-21,403004,第四季度,1,600519,贵州茅台,2200.0,2602600.0,5.01
337,15066378,003567,2019-10-01,2019-12-31,2020-01-21,403004,第四季度,2,603589,口子窖,46900.0,2575279.0,4.96
338,15066379,003567,2019-10-01,2019-12-31,2020-01-21,403004,第四季度,3,002142,宁波银行,80400.0,2263260.0,4.36
339,15066380,003567,2019-10-01,2019-12-31,2020-01-21,403004,第四季度,4,000895,双汇发展,71300.0,2069839.0,3.99
340,15066381,003567,2019-10-01,2019-12-31,2020-01-21,403004,第四季度,5,000651,格力电器,29700.0,1947726.0,3.75
341,15066382,003567,2019-10-01,2019-12-31,2020-01-21,403004,第四季度,6,600968,海油发展,586300.0,1717859.0,3.31
342,15066383,003567,2019-10-01,2019-12-31,2020-01-21,403004,第四季度,7,601318,中国平安,20100.0,1717746.0,3.31
343,15066384,003567,2019-10-01,2019-12-31,2020-01-21,403004,第四季度,8,600547,山东黄金,49980.0,1630347.6,3.14
344,15066385,003567,2019-10-01,2019-12-31,2020-01-21,403004,第四季度,9,601933,永辉超市,195800.0,1476332.0,2.84
345,15066386,003567,2019-10-01,2019-12-31,2020-01-21,403004,第四季度,10,300750,宁德时代,13700.0,1457680.0,2.81
346,16466653,003567,2020-01-01,2020-03-31,2020-04-22,403001,第一季度,1,000895,双汇发展,71300.0,2802090.0,7.62
347,16466654,003567,2020-01-01,2020-03-31,2020-04-22,403001,第一季度,2,600519,贵州茅台,2100.0,2333100.0,6.34
348,16466655,003567,2020-01-01,2020-03-31,2020-04-22,403001,第一季度,3,603939,益丰药房,14100.0,1312710.0,3.57
349,16466656,003567,2020-01-01,2020-03-31,2020-04-22,403001,第一季度,4,002541,鸿路钢构,82000.0,1228360.0,3.34
350,16466657,003567,2020-01-01,2020-03-31,2020-04-22,403001,第一季度,5,300760,迈瑞医疗,4600.0,1203820.0,3.27
351,16466658,003567,2020-01-01,2020-03-31,2020-04-22,403001,第一季度,6,002511,中顺洁柔,69500.0,1178025.0,3.2
352,16466659,003567,2020-01-01,2020-03-31,2020-04-22,403001,第一季度,7,000858,五粮液,10100.0,1163520.0,3.16
353,16466660,003567,2020-01-01,2020-03-31,2020-04-22,403001,第一季度,8,601766,中国中车,165700.0,1086992.0,2.96
354,16466661,003567,2020-01-01,2020-03-31,2020-04-22,403001,第一季度,9,000661,长春高新,1900.0,1041200.0,2.83
355,16466662,003567,2020-01-01,2020-03-31,2020-04-22,403001,第一季度,10,002142,宁波银行,40200.0,927012.0,2.52
356,22068788,003567,2020-01-01,2020-06-30,2020-08-29,403005,半年度,1,002125,湘潭电化,302400.0,2745792.0,5.01
357,22068789,003567,2020-01-01,2020-06-30,2020-08-29,403005,半年度,2,000009,中国宝安,295800.0,2517258.0,4.6
358,22068790,003567,2020-01-01,2020-06-30,2020-08-29,403005,半年度,3,300755,华致酒行,69800.0,2261520.0,4.13
359,22068791,003567,2020-01-01,2020-06-30,2020-08-29,403005,半年度,4,300613,富瀚微,19400.0,2198020.0,4.01
360,22068792,003567,2020-01-01,2020-06-30,2020-08-29,403005,半年度,5,002236,大华股份,112200.0,2155362.0,3.94
361,22068793,003567,2020-01-01,2020-06-30,2020-08-29,403005,半年度,6,000032,深桑达A,97640.0,2123670.0,3.88
362,22068794,003567,2020-01-01,2020-06-30,2020-08-29,403005,半年度,7,002635,安洁科技,80500.0,2004450.0,3.66
363,22068795,003567,2020-01-01,2020-06-30,2020-08-29,403005,半年度,8,002025,航天电器,51500.0,1883870.0,3.44
364,22068796,003567,2020-01-01,2020-06-30,2020-08-29,403005,半年度,9,002123,梦网集团,91300.0,1807740.0,3.3
365,22068797,003567,2020-01-01,2020-06-30,2020-08-29,403005,半年度,10,300567,精测电子,25700.0,1754025.0,3.2
366,22068798,003567,2020-01-01,2020-06-30,2020-08-29,403005,半年度,11,300182,捷成股份,431300.0,1720887.0,3.14
367,22068799,003567,2020-01-01,2020-06-30,2020-08-29,403005,半年度,12,300731,科创新源,51900.0,1712700.0,3.13
368,22068800,003567,2020-01-01,2020-06-30,2020-08-29,403005,半年度,13,300750,宁德时代,9700.0,1691292.0,3.09
369,22068801,003567,2020-01-01,2020-06-30,2020-08-29,403005,半年度,14,603650,彤程新材,72661.0,1690821.47,3.09
370,22068802,003567,2020-01-01,2020-06-30,2020-08-29,403005,半年度,15,002943,宇晶股份,73500.0,1689765.0,3.09
371,22068803,003567,2020-01-01,2020-06-30,2020-08-29,403005,半年度,16,688020,方邦股份,14576.0,1689358.4,3.08
372,22068804,003567,2020-01-01,2020-06-30,2020-08-29,403005,半年度,17,300019,硅宝科技,128200.0,1506350.0,2.75
373,22068805,003567,2020-01-01,2020-06-30,2020-08-29,403005,半年度,18,002174,游族网络,57300.0,1494384.0,2.73
374,22068806,003567,2020-01-01,2020-06-30,2020-08-29,403005,半年度,19,688025,杰普特,25116.0,1444170.0,2.64
375,22068807,003567,2020-01-01,2020-06-30,2020-08-29,403005,半年度,20,002594,比亚迪,20100.0,1443180.0,2.63
376,22068808,003567,2020-01-01,2020-06-30,2020-08-29,403005,半年度,21,002389,航天彩虹,102200.0,1374590.0,2.51
377,22068809,003567,2020-01-01,2020-06-30,2020-08-29,403005,半年度,22,300303,聚飞光电,232000.0,1366480.0,2.49
378,22068810,003567,2020-01-01,2020-06-30,2020-08-29,403005,半年度,23,300041,回天新材,89200.0,1353164.0,2.47
379,22068811,003567,2020-01-01,2020-06-30,2020-08-29,403005,半年度,24,300438,鹏辉能源,73100.0,1275595.0,2.33
380,22068812,003567,2020-01-01,2020-06-30,2020-08-29,403005,半年度,25,600877,ST电能,220800.0,1236480.0,2.26
381,22068813,003567,2020-01-01,2020-06-30,2020-08-29,403005,半年度,26,300397,天和防务,47100.0,1149711.0,2.1
382,22068814,003567,2020-01-01,2020-06-30,2020-08-29,403005,半年度,27,603712,七一二,27800.0,1066964.0,1.95
383,22068815,003567,2020-01-01,2020-06-30,2020-08-29,403005,半年度,28,002241,歌尔股份,35500.0,1042280.0,1.9
384,22068816,003567,2020-01-01,2020-06-30,2020-08-29,403005,半年度,29,002131,利欧股份,249700.0,963842.0,1.76
385,22068817,003567,2020-01-01,2020-06-30,2020-08-29,403005,半年度,30,002666,德联集团,91000.0,644280.0,1.18
386,22068818,003567,2020-01-01,2020-06-30,2020-08-29,403005,半年度,31,605166,聚合顺,1062.0,16832.7,0.03
387,22068819,003567,2020-01-01,2020-06-30,2020-08-29,403005,半年度,32,300842,帝科股份,394.0,16043.68,0.03
388,22068820,003567,2020-01-01,2020-06-30,2020-08-29,403005,半年度,33,300839,博汇股份,419.0,9808.79,0.02
389,22068821,003567,2020-01-01,2020-06-30,2020-08-29,403005,半年度,34,300843,胜蓝股份,751.0,7517.51,0.01
390,22068822,003567,2020-01-01,2020-06-30,2020-08-29,403005,半年度,35,300845,捷安高科,376.0,6628.88,0.01
391,22068823,003567,2020-01-01,2020-06-30,2020-08-29,403005,半年度,36,300840,酷特智能,806.0,4787.64,0.01
392,35446257,003567,2020-01-01,2020-12-31,2021-03-30,403006,年度,1,600884,杉杉股份,313200.0,5646996.0,6.26
393,35446258,003567,2020-01-01,2020-12-31,2021-03-30,403006,年度,2,688388,嘉元科技,63883.0,5630647.62,6.24
394,35446259,003567,2020-01-01,2020-12-31,2021-03-30,403006,年度,3,002340,格林美,795300.0,5559147.0,6.16
395,35446260,003567,2020-01-01,2020-12-31,2021-03-30,403006,年度,4,002239,奥特佳,910300.0,4442264.0,4.92
396,35446261,003567,2020-01-01,2020-12-31,2021-03-30,403006,年度,5,300390,天华超净,168360.0,4141656.0,4.59
397,35446262,003567,2020-01-01,2020-12-31,2021-03-30,403006,年度,6,300841,康华生物,8600.0,4026864.0,4.46
398,35446263,003567,2020-01-01,2020-12-31,2021-03-30,403006,年度,7,605288,凯迪股份,31000.0,3871900.0,4.29
399,35446264,003567,2020-01-01,2020-12-31,2021-03-30,403006,年度,8,300118,东方日升,131100.0,3779613.0,4.19
400,35446265,003567,2020-01-01,2020-12-31,2021-03-30,403006,年度,9,688020,方邦股份,36095.0,3436604.95,3.81
401,35446266,003567,2020-01-01,2020-12-31,2021-03-30,403006,年度,10,603026,石大胜华,67700.0,3412757.0,3.78
402,35446267,003567,2020-01-01,2020-12-31,2021-03-30,403006,年度,11,002610,爱康科技,1000700.0,3292303.0,3.65
403,35446268,003567,2020-01-01,2020-12-31,2021-03-30,403006,年度,12,600753,东方银星,172000.0,3188880.0,3.53
404,35446269,003567,2020-01-01,2020-12-31,2021-03-30,403006,年度,13,600416,*ST湘电,143400.0,3008532.0,3.33
405,35446270,003567,2020-01-01,2020-12-31,2021-03-30,403006,年度,14,688127,蓝特光学,74434.0,2681112.68,2.97
406,35446271,003567,2020-01-01,2020-12-31,2021-03-30,403006,年度,15,300298,三诺生物,64800.0,2319840.0,2.57
407,35446272,003567,2020-01-01,2020-12-31,2021-03-30,403006,年度,16,603444,吉比特,5200.0,2215200.0,2.46
408,35446273,003567,2020-01-01,2020-12-31,2021-03-30,403006,年度,17,300750,宁德时代,6300.0,2211993.0,2.45
409,35446274,003567,2020-01-01,2020-12-31,2021-03-30,403006,年度,18,002602,世纪华通,310900.0,2210499.0,2.45
410,35446275,003567,2020-01-01,2020-12-31,2021-03-30,403006,年度,19,002876,三利谱,44100.0,2160459.0,2.39
411,35446276,003567,2020-01-01,2020-12-31,2021-03-30,403006,年度,20,300799,左江科技,29000.0,1677070.0,1.86
412,35446277,003567,2020-01-01,2020-12-31,2021-03-30,403006,年度,21,300568,星源材质,53700.0,1625499.0,1.8
413,35446278,003567,2020-01-01,2020-12-31,2021-03-30,403006,年度,22,002129,中环股份,60900.0,1552950.0,1.72
414,35446279,003567,2020-01-01,2020-12-31,2021-03-30,403006,年度,23,300316,晶盛机电,47600.0,1431808.0,1.59
415,35446280,003567,2020-01-01,2020-12-31,2021-03-30,403006,年度,24,688608,恒玄科技,2864.0,947984.0,1.05
416,35446281,003567,2020-01-01,2020-12-31,2021-03-30,403006,年度,25,003029,吉大正元,716.0,18716.24,0.02
417,35446282,003567,2020-01-01,2020-12-31,2021-03-30,403006,年度,26,003028,振邦智能,432.0,18010.08,0.02
418,35446283,003567,2020-01-01,2020-12-31,2021-03-30,403006,年度,27,605500,森林包装,762.0,14980.92,0.02
419,35446284,003567,2020-01-01,2020-12-31,2021-03-30,403006,年度,28,605377,华旺科技,750.0,14977.5,0.02
420,35446285,003567,2020-01-01,2020-12-31,2021-03-30,403006,年度,29,605155,西大门,350.0,10668.0,0.01
421,35446286,003567,2020-01-01,2020-12-31,2021-03-30,403006,年度,30,605277,新亚电子,507.0,8593.65,0.01
422,35446287,003567,2020-01-01,2020-12-31,2021-03-30,403006,年度,31,003030,祖名股份,480.0,7286.4,0.01
423,35446288,003567,2020-01-01,2020-12-31,2021-03-30,403006,年度,32,003031,中瓷电子,387.0,5909.49,0.01
424,20554813,003567,2020-04-01,2020-06-30,2020-07-20,403002,第二季度,1,002125,湘潭电化,302400.0,2745792.0,5.01
425,20554814,003567,2020-04-01,2020-06-30,2020-07-20,403002,第二季度,2,000009,中国宝安,295800.0,2517258.0,4.6
426,20554815,003567,2020-04-01,2020-06-30,2020-07-20,403002,第二季度,3,300755,华致酒行,69800.0,2261520.0,4.13
427,20554816,003567,2020-04-01,2020-06-30,2020-07-20,403002,第二季度,4,300613,富瀚微,19400.0,2198020.0,4.01
428,20554817,003567,2020-04-01,2020-06-30,2020-07-20,403002,第二季度,5,002236,大华股份,112200.0,2155362.0,3.94
429,20554818,003567,2020-04-01,2020-06-30,2020-07-20,403002,第二季度,6,000032,深桑达A,97640.0,2123670.0,3.88
430,20554819,003567,2020-04-01,2020-06-30,2020-07-20,403002,第二季度,7,002635,安洁科技,80500.0,2004450.0,3.66
431,20554820,003567,2020-04-01,2020-06-30,2020-07-20,403002,第二季度,8,002025,航天电器,51500.0,1883870.0,3.44
432,20554821,003567,2020-04-01,2020-06-30,2020-07-20,403002,第二季度,9,002123,梦网集团,91300.0,1807740.0,3.3
433,20554822,003567,2020-04-01,2020-06-30,2020-07-20,403002,第二季度,10,300567,精测电子,25700.0,1754025.0,3.2
434,25060701,003567,2020-07-01,2020-09-30,2020-10-27,403003,第三季度,1,603026,石大胜华,80400.0,3555288.0,5.7
435,25060702,003567,2020-07-01,2020-09-30,2020-10-27,403003,第三季度,2,600438,通威股份,126500.0,3362370.0,5.39
436,25060703,003567,2020-07-01,2020-09-30,2020-10-27,403003,第三季度,3,300755,华致酒行,108300.0,3317229.0,5.32
437,25060704,003567,2020-07-01,2020-09-30,2020-10-27,403003,第三季度,4,300118,东方日升,179700.0,3049509.0,4.89
438,25060705,003567,2020-07-01,2020-09-30,2020-10-27,403003,第三季度,5,300433,蓝思科技,93400.0,3000008.0,4.81
439,25060706,003567,2020-07-01,2020-09-30,2020-10-27,403003,第三季度,6,300769,德方纳米,30800.0,2772924.0,4.44
440,25060707,003567,2020-07-01,2020-09-30,2020-10-27,403003,第三季度,7,688051,佳华科技,21789.0,2594416.23,4.16
441,25060708,003567,2020-07-01,2020-09-30,2020-10-27,403003,第三季度,8,600416,*ST湘电,143400.0,2553954.0,4.09
442,25060709,003567,2020-07-01,2020-09-30,2020-10-27,403003,第三季度,9,600409,三友化工,384300.0,2540223.0,4.07
443,25060710,003567,2020-07-01,2020-09-30,2020-10-27,403003,第三季度,10,600753,东方银星,172000.0,2524960.0,4.05
444,30204410,003567,2020-10-01,2020-12-31,2021-01-21,403004,第四季度,1,600884,杉杉股份,313200.0,5646996.0,6.26
445,30204411,003567,2020-10-01,2020-12-31,2021-01-21,403004,第四季度,2,688388,嘉元科技,63883.0,5630647.62,6.24
446,30204412,003567,2020-10-01,2020-12-31,2021-01-21,403004,第四季度,3,002340,格林美,795300.0,5559147.0,6.16
447,30204413,003567,2020-10-01,2020-12-31,2021-01-21,403004,第四季度,4,002239,奥特佳,910300.0,4442264.0,4.92
448,30204414,003567,2020-10-01,2020-12-31,2021-01-21,403004,第四季度,5,300390,天华超净,168360.0,4141656.0,4.59
449,30204415,003567,2020-10-01,2020-12-31,2021-01-21,403004,第四季度,6,300841,康华生物,8600.0,4026864.0,4.46
450,30204416,003567,2020-10-01,2020-12-31,2021-01-21,403004,第四季度,7,605288,凯迪股份,31000.0,3871900.0,4.29
451,30204417,003567,2020-10-01,2020-12-31,2021-01-21,403004,第四季度,8,300118,东方日升,131100.0,3779613.0,4.19
452,30204418,003567,2020-10-01,2020-12-31,2021-01-21,403004,第四季度,9,688020,方邦股份,36095.0,3436604.95,3.81
453,30204419,003567,2020-10-01,2020-12-31,2021-01-21,403004,第四季度,10,603026,石大胜华,67700.0,3412757.0,3.78
454,37063359,003567,2021-01-01,2021-03-31,2021-04-21,403001,第一季度,1,603906,龙蟠科技,205900.0,6166705.0,7.23
455,37063360,003567,2021-01-01,2021-03-31,2021-04-21,403001,第一季度,2,300712,永福股份,219500.0,5775045.0,6.77
456,37063361,003567,2021-01-01,2021-03-31,2021-04-21,403001,第一季度,3,603026,石大胜华,83300.0,5547780.0,6.5
457,37063362,003567,2021-01-01,2021-03-31,2021-04-21,403001,第一季度,4,002824,和胜股份,273000.0,5031390.0,5.9
458,37063363,003567,2021-01-01,2021-03-31,2021-04-21,403001,第一季度,5,300390,天华超净,167660.0,4994591.4,5.85
459,37063364,003567,2021-01-01,2021-03-31,2021-04-21,403001,第一季度,6,600110,诺德股份,669500.0,4920825.0,5.77
460,37063365,003567,2021-01-01,2021-03-31,2021-04-21,403001,第一季度,7,605288,凯迪股份,37800.0,4466448.0,5.24
461,37063366,003567,2021-01-01,2021-03-31,2021-04-21,403001,第一季度,8,688677,海泰新光,53345.0,4015811.6,4.71
462,37063367,003567,2021-01-01,2021-03-31,2021-04-21,403001,第一季度,9,300118,东方日升,250000.0,3692500.0,4.33
463,37063368,003567,2021-01-01,2021-03-31,2021-04-21,403001,第一季度,10,002407,多氟多,171800.0,3434282.0,4.03
464,39730328,003567,2021-01-01,2021-06-30,2021-08-30,403005,半年度,1,600884,杉杉股份,1974805.0,46052452.6,5.96
465,39730329,003567,2021-01-01,2021-06-30,2021-08-30,403005,半年度,2,300671,富满电子,323520.0,42588172.8,5.51
466,39730330,003567,2021-01-01,2021-06-30,2021-08-30,403005,半年度,3,002759,天际股份,881600.0,32751440.0,4.24
467,39730331,003567,2021-01-01,2021-06-30,2021-08-30,403005,半年度,4,300077,国民技术,2020900.0,32293982.0,4.18
468,39730332,003567,2021-01-01,2021-06-30,2021-08-30,403005,半年度,5,300825,阿尔特,1092100.0,28918808.0,3.74
469,39730333,003567,2021-01-01,2021-06-30,2021-08-30,403005,半年度,6,300390,天华超净,556260.0,26717167.8,3.46
470,39730334,003567,2021-01-01,2021-06-30,2021-08-30,403005,半年度,7,688678,福立旺,1061573.0,25159280.1,3.25
471,39730335,003567,2021-01-01,2021-06-30,2021-08-30,403005,半年度,8,300505,川金诺,1193620.0,25018275.2,3.24
472,39730336,003567,2021-01-01,2021-06-30,2021-08-30,403005,半年度,9,600619,海立股份,2322300.0,24709272.0,3.2
473,39730337,003567,2021-01-01,2021-06-30,2021-08-30,403005,半年度,10,002240,盛新锂能,857400.0,24478770.0,3.17
474,39730338,003567,2021-01-01,2021-06-30,2021-08-30,403005,半年度,11,603897,长城科技,991266.0,24137327.1,3.12
475,39730339,003567,2021-01-01,2021-06-30,2021-08-30,403005,半年度,12,603303,得邦照明,1521840.0,23968980.0,3.1
476,39730340,003567,2021-01-01,2021-06-30,2021-08-30,403005,半年度,13,605098,行动教育,419104.0,23582982.08,3.05
477,39730341,003567,2021-01-01,2021-06-30,2021-08-30,403005,半年度,14,300803,指南针,564201.0,21778158.6,2.82
478,39730342,003567,2021-01-01,2021-06-30,2021-08-30,403005,半年度,15,603825,华扬联众,1049000.0,19364540.0,2.5
479,39730343,003567,2021-01-01,2021-06-30,2021-08-30,403005,半年度,16,000818,航锦科技,601100.0,17425889.0,2.25
480,39730344,003567,2021-01-01,2021-06-30,2021-08-30,403005,半年度,17,300568,星源材质,408835.0,16913503.95,2.19
481,39730345,003567,2021-01-01,2021-06-30,2021-08-30,403005,半年度,18,600110,诺德股份,1238100.0,15080058.0,1.95
482,39730346,003567,2021-01-01,2021-06-30,2021-08-30,403005,半年度,19,002407,多氟多,409100.0,14539414.0,1.88
483,39730347,003567,2021-01-01,2021-06-30,2021-08-30,403005,半年度,20,300096,易联众,1440300.0,13985313.0,1.81
484,39730348,003567,2021-01-01,2021-06-30,2021-08-30,403005,半年度,21,688020,方邦股份,131300.0,12206961.0,1.58
485,39730349,003567,2021-01-01,2021-06-30,2021-08-30,403005,半年度,22,300280,紫天科技,334100.0,12197991.0,1.58
486,39730350,003567,2021-01-01,2021-06-30,2021-08-30,403005,半年度,23,300151,昌红科技,451700.0,12168798.0,1.57
487,39730351,003567,2021-01-01,2021-06-30,2021-08-30,403005,半年度,24,688559,海目星,399398.0,12073801.54,1.56
488,39730352,003567,2021-01-01,2021-06-30,2021-08-30,403005,半年度,25,002335,科华数据,514200.0,11708334.0,1.51
489,39730353,003567,2021-01-01,2021-06-30,2021-08-30,403005,半年度,26,600060,海信视像,677400.0,11448060.0,1.48
490,39730354,003567,2021-01-01,2021-06-30,2021-08-30,403005,半年度,27,300857,协创数据,407300.0,11371816.0,1.47
491,39730355,003567,2021-01-01,2021-06-30,2021-08-30,403005,半年度,28,300445,康斯特,726400.0,9552160.0,1.24
492,39730356,003567,2021-01-01,2021-06-30,2021-08-30,403005,半年度,29,000997,新大陆,557400.0,9247266.0,1.2
493,39730357,003567,2021-01-01,2021-06-30,2021-08-30,403005,半年度,30,300415,伊之密,389900.0,8382850.0,1.08
494,39730358,003567,2021-01-01,2021-06-30,2021-08-30,403005,半年度,31,002291,星期六,401600.0,7542048.0,0.98
495,39730359,003567,2021-01-01,2021-06-30,2021-08-30,403005,半年度,32,002985,北摩高科,77290.0,7535775.0,0.97
496,39730360,003567,2021-01-01,2021-06-30,2021-08-30,403005,半年度,33,002895,川恒股份,492100.0,7415947.0,0.96
497,39730361,003567,2021-01-01,2021-06-30,2021-08-30,403005,半年度,34,603733,仙鹤股份,191600.0,7280800.0,0.94
498,39730362,003567,2021-01-01,2021-06-30,2021-08-30,403005,半年度,35,002389,航天彩虹,331100.0,7227913.0,0.93
499,39730363,003567,2021-01-01,2021-06-30,2021-08-30,403005,半年度,36,600905,三峡能源,907763.0,5147016.21,0.67
500,39730364,003567,2021-01-01,2021-06-30,2021-08-30,403005,半年度,37,300118,东方日升,263000.0,5102200.0,0.66
501,39730365,003567,2021-01-01,2021-06-30,2021-08-30,403005,半年度,38,688519,南亚新材,135095.0,5101187.2,0.66
502,39730366,003567,2021-01-01,2021-06-30,2021-08-30,403005,半年度,39,000636,风华高科,105300.0,3182166.0,0.41
503,39730367,003567,2021-01-01,2021-06-30,2021-08-30,403005,半年度,40,688191,智洋创新,142860.0,3085776.0,0.4
504,39730368,003567,2021-01-01,2021-06-30,2021-08-30,403005,半年度,41,002472,双环传动,16300.0,255910.0,0.03
505,39730369,003567,2021-01-01,2021-06-30,2021-08-30,403005,半年度,42,301015,百洋医药,4614.0,251115.78,0.03
506,39730370,003567,2021-01-01,2021-06-30,2021-08-30,403005,半年度,43,301013,利和兴,4704.0,168966.51,0.02
507,39730371,003567,2021-01-01,2021-06-30,2021-08-30,403005,半年度,44,301016,雷尔伟,2747.0,115711.58,0.01
508,39730372,003567,2021-01-01,2021-06-30,2021-08-30,403005,半年度,45,301004,嘉益股份,3115.0,90654.98,0.01
509,39730373,003567,2021-01-01,2021-06-30,2021-08-30,403005,半年度,46,601665,齐鲁银行,6731.0,62598.3,0.01
510,39730374,003567,2021-01-01,2021-06-30,2021-08-30,403005,半年度,47,688239,航宇科技,4926.0,56550.48,0.01
511,39730375,003567,2021-01-01,2021-06-30,2021-08-30,403005,半年度,48,688087,英科再生,2469.0,54219.24,0.01
512,39730376,003567,2021-01-01,2021-06-30,2021-08-30,403005,半年度,49,688276,百克生物,500.0,52290.0,0.01
513,39730377,003567,2021-01-01,2021-06-30,2021-08-30,403005,半年度,50,301017,漱玉平民,5550.0,49173.0,0.01
514,39730378,003567,2021-01-01,2021-06-30,2021-08-30,403005,半年度,51,301020,密封科技,4210.0,44794.4,0.01
515,39730379,003567,2021-01-01,2021-06-30,2021-08-30,403005,半年度,52,601528,瑞丰银行,2230.0,34721.1,0.0
516,39730380,003567,2021-01-01,2021-06-30,2021-08-30,403005,半年度,53,301021,英诺激光,2899.0,27424.54,0.0
517,39730381,003567,2021-01-01,2021-06-30,2021-08-30,403005,半年度,54,001207,联科科技,682.0,22581.02,0.0
518,39730382,003567,2021-01-01,2021-06-30,2021-08-30,403005,半年度,55,688226,威腾电气,2693.0,17289.06,0.0
519,39730383,003567,2021-01-01,2021-06-30,2021-08-30,403005,半年度,56,001208,华菱线缆,1754.0,13558.42,0.0
520,39730384,003567,2021-01-01,2021-06-30,2021-08-30,403005,半年度,57,603171,税友股份,637.0,12230.4,0.0
521,39730385,003567,2021-01-01,2021-06-30,2021-08-30,403005,半年度,58,605287,德才股份,349.0,11014.44,0.0
522,39730386,003567,2021-01-01,2021-06-30,2021-08-30,403005,半年度,59,605259,绿田机械,295.0,10516.75,0.0
523,39730387,003567,2021-01-01,2021-06-30,2021-08-30,403005,半年度,60,605162,新中港,1377.0,8358.39,0.0
524,39730388,003567,2021-01-01,2021-06-30,2021-08-30,403005,半年度,61,688425,铁建重工,1000.0,6120.0,0.0
525,39730389,003567,2021-01-01,2021-06-30,2021-08-30,403005,半年度,62,605011,杭州热电,525.0,4662.0,0.0
526,40539070,003567,2021-01-01,2021-12-31,2022-03-30,403006,年度,1,002268,卫士通,10282501.0,575203105.94,4.68
527,40539071,003567,2021-01-01,2021-12-31,2022-03-30,403006,年度,2,002240,盛新锂能,9734289.0,564102047.55,4.59
528,40539072,003567,2021-01-01,2021-12-31,2022-03-30,403006,年度,3,002865,钧达股份,6579489.0,460564230.0,3.75
529,40539073,003567,2021-01-01,2021-12-31,2022-03-30,403006,年度,4,000818,航锦科技,12180748.0,452027558.28,3.68
530,40539074,003567,2021-01-01,2021-12-31,2022-03-30,403006,年度,5,300077,国民技术,13936456.0,348132670.88,2.83
531,40539075,003567,2021-01-01,2021-12-31,2022-03-30,403006,年度,6,002602,世纪华通,39877708.0,334573970.12,2.72
532,40539076,003567,2021-01-01,2021-12-31,2022-03-30,403006,年度,7,601117,中国化学,27673606.0,332083272.0,2.7
533,40539077,003567,2021-01-01,2021-12-31,2022-03-30,403006,年度,8,002057,中钢天源,34919446.0,321258903.2,2.61
534,40539078,003567,2021-01-01,2021-12-31,2022-03-30,403006,年度,9,300841,康华生物,1518292.0,319587074.24,2.6
535,40539079,003567,2021-01-01,2021-12-31,2022-03-30,403006,年度,10,300571,平治信息,5436111.0,318338660.16,2.59
536,40539080,003567,2021-01-01,2021-12-31,2022-03-30,403006,年度,11,600085,同仁堂,6756100.0,303889378.0,2.47
537,40539081,003567,2021-01-01,2021-12-31,2022-03-30,403006,年度,12,688099,晶晨股份,2196225.0,285948495.0,2.33
538,40539082,003567,2021-01-01,2021-12-31,2022-03-30,403006,年度,13,002108,沧州明珠,34964648.0,273423547.36,2.22
539,40539083,003567,2021-01-01,2021-12-31,2022-03-30,403006,年度,14,002291,星期六,13767260.0,267811269.6,2.18
540,40539084,003567,2021-01-01,2021-12-31,2022-03-30,403006,年度,15,000035,中国天楹,42860133.0,257589399.33,2.09
541,40539085,003567,2021-01-01,2021-12-31,2022-03-30,403006,年度,16,605358,立昂微,1992986.0,239178249.86,1.94
542,40539086,003567,2021-01-01,2021-12-31,2022-03-30,403006,年度,17,600869,远东股份,32677779.0,224823119.52,1.83
543,40539087,003567,2021-01-01,2021-12-31,2022-03-30,403006,年度,18,300212,易华录,6257483.0,221202024.05,1.8
544,40539088,003567,2021-01-01,2021-12-31,2022-03-30,403006,年度,19,002452,长高集团,21930683.0,208999408.99,1.7
545,40539089,003567,2021-01-01,2021-12-31,2022-03-30,403006,年度,20,603026,石大胜华,1039461.0,205802883.39,1.67
546,40539090,003567,2021-01-01,2021-12-31,2022-03-30,403006,年度,21,603186,华正新材,4833934.0,202010101.86,1.64
547,40539091,003567,2021-01-01,2021-12-31,2022-03-30,403006,年度,22,300803,指南针,4783039.0,189264853.23,1.54
548,40539092,003567,2021-01-01,2021-12-31,2022-03-30,403006,年度,23,300223,北京君正,1386027.0,185727618.0,1.51
549,40539093,003567,2021-01-01,2021-12-31,2022-03-30,403006,年度,24,000967,盈峰环境,24953514.0,182909257.62,1.49
550,40539094,003567,2021-01-01,2021-12-31,2022-03-30,403006,年度,25,002829,星网宇达,4563327.0,178391983.61,1.45
551,40539095,003567,2021-01-01,2021-12-31,2022-03-30,403006,年度,26,000791,甘肃电投,25447180.0,174058711.2,1.42
552,40539096,003567,2021-01-01,2021-12-31,2022-03-30,403006,年度,27,600335,国机汽车,19709300.0,171076724.0,1.39
553,40539097,003567,2021-01-01,2021-12-31,2022-03-30,403006,年度,28,688039,当虹科技,2182052.0,167625234.64,1.36
554,40539098,003567,2021-01-01,2021-12-31,2022-03-30,403006,年度,29,300280,紫天科技,4895000.0,162269250.0,1.32
555,40539099,003567,2021-01-01,2021-12-31,2022-03-30,403006,年度,30,002283,天润工业,17099900.0,161423056.0,1.31
556,40539100,003567,2021-01-01,2021-12-31,2022-03-30,403006,年度,31,002549,凯美特气,9072371.0,154774649.26,1.26
557,40539101,003567,2021-01-01,2021-12-31,2022-03-30,403006,年度,32,600711,盛屯矿业,13728910.0,147311204.3,1.2
558,40539102,003567,2021-01-01,2021-12-31,2022-03-30,403006,年度,33,688668,鼎通科技,1998143.0,140829118.64,1.15
559,40539103,003567,2021-01-01,2021-12-31,2022-03-30,403006,年度,34,603303,得邦照明,8159370.0,140014789.2,1.14
560,40539104,003567,2021-01-01,2021-12-31,2022-03-30,403006,年度,35,603979,金诚信,6304675.0,135424419.0,1.1
561,40539105,003567,2021-01-01,2021-12-31,2022-03-30,403006,年度,36,002782,可立克,7575200.0,135368824.0,1.1
562,40539106,003567,2021-01-01,2021-12-31,2022-03-30,403006,年度,37,688707,振华新材,2575979.0,129777822.02,1.06
563,40539107,003567,2021-01-01,2021-12-31,2022-03-30,403006,年度,38,002213,大为股份,6859300.0,123810365.0,1.01
564,40539108,003567,2021-01-01,2021-12-31,2022-03-30,403006,年度,39,300790,宇瞳光学,2735565.0,123592826.7,1.01
565,40539109,003567,2021-01-01,2021-12-31,2022-03-30,403006,年度,40,600619,海立股份,15152477.0,122959258.25,1.0
566,40539110,003567,2021-01-01,2021-12-31,2022-03-30,403006,年度,41,002759,天际股份,3884200.0,113807060.0,0.93
567,40539111,003567,2021-01-01,2021-12-31,2022-03-30,403006,年度,42,688678,福立旺,3438306.0,112742053.74,0.92
568,40539112,003567,2021-01-01,2021-12-31,2022-03-30,403006,年度,43,600877,声光电科,6916301.0,108309273.66,0.88
569,40539113,003567,2021-01-01,2021-12-31,2022-03-30,403006,年度,44,605098,行动教育,1848703.0,104137439.99,0.85
570,40539114,003567,2021-01-01,2021-12-31,2022-03-30,403006,年度,45,300825,阿尔特,3515100.0,98457951.0,0.8
571,40539115,003567,2021-01-01,2021-12-31,2022-03-30,403006,年度,46,300726,宏达电子,1000000.0,94230000.0,0.77
572,40539116,003567,2021-01-01,2021-12-31,2022-03-30,403006,年度,47,300698,万马科技,3337930.0,90858454.6,0.74
573,40539117,003567,2021-01-01,2021-12-31,2022-03-30,403006,年度,48,605168,三人行,486200.0,82162938.0,0.67
574,40539118,003567,2021-01-01,2021-12-31,2022-03-30,403006,年度,49,000831,五矿稀土,2039300.0,79573486.0,0.65
575,40539119,003567,2021-01-01,2021-12-31,2022-03-30,403006,年度,50,601127,小康股份,1266497.0,75419896.35,0.61
576,40539120,003567,2021-01-01,2021-12-31,2022-03-30,403006,年度,51,300251,光线传媒,5730200.0,73633070.0,0.6
577,40539121,003567,2021-01-01,2021-12-31,2022-03-30,403006,年度,52,603212,赛伍技术,2148208.0,66873715.04,0.54
578,40539122,003567,2021-01-01,2021-12-31,2022-03-30,403006,年度,53,300890,翔丰华,1001736.0,61937336.88,0.5
579,40539123,003567,2021-01-01,2021-12-31,2022-03-30,403006,年度,54,000801,四川九洲,6281100.0,60235749.0,0.49
580,40539124,003567,2021-01-01,2021-12-31,2022-03-30,403006,年度,55,002312,川发龙蟒,5000000.0,59850000.0,0.49
581,40539125,003567,2021-01-01,2021-12-31,2022-03-30,403006,年度,56,300653,正海生物,818400.0,54644568.0,0.44
582,40539126,003567,2021-01-01,2021-12-31,2022-03-30,403006,年度,57,600884,杉杉股份,1620655.0,53108864.35,0.43
583,40539127,003567,2021-01-01,2021-12-31,2022-03-30,403006,年度,58,300125,聆达股份,3063400.0,50913708.0,0.41
584,40539128,003567,2021-01-01,2021-12-31,2022-03-30,403006,年度,59,002634,棒杰股份,7987200.0,49520640.0,0.4
585,40539129,003567,2021-01-01,2021-12-31,2022-03-30,403006,年度,60,603177,德创环保,3040000.0,43867200.0,0.36
586,40539130,003567,2021-01-01,2021-12-31,2022-03-30,403006,年度,61,300101,振芯科技,1771400.0,39289652.0,0.32
587,40539131,003567,2021-01-01,2021-12-31,2022-03-30,403006,年度,62,600167,联美控股,3981996.0,35877783.96,0.29
588,40539132,003567,2021-01-01,2021-12-31,2022-03-30,403006,年度,63,688020,方邦股份,364966.0,33266650.9,0.27
589,40539133,003567,2021-01-01,2021-12-31,2022-03-30,403006,年度,64,603859,能科科技,606400.0,24068016.0,0.2
590,40539134,003567,2021-01-01,2021-12-31,2022-03-30,403006,年度,65,603018,华设集团,2851688.0,23840111.68,0.19
591,40539135,003567,2021-01-01,2021-12-31,2022-03-30,403006,年度,66,300096,易联众,1440300.0,12933894.0,0.11
592,40539136,003567,2021-01-01,2021-12-31,2022-03-30,403006,年度,67,603330,上海天洋,649319.0,11466973.54,0.09
593,40539137,003567,2021-01-01,2021-12-31,2022-03-30,403006,年度,68,002876,三利谱,55000.0,3436400.0,0.03
594,40539138,003567,2021-01-01,2021-12-31,2022-03-30,403006,年度,69,601728,中国电信,394011.0,1682426.97,0.01
595,40539139,003567,2021-01-01,2021-12-31,2022-03-30,403006,年度,70,688176,亚虹医药,37990.0,873010.2,0.01
596,40539140,003567,2021-01-01,2021-12-31,2022-03-30,403006,年度,71,688798,艾为电子,3592.0,755505.36,0.01
597,40539141,003567,2021-01-01,2021-12-31,2022-03-30,403006,年度,72,688305,科德数控,1496.0,158097.28,0.0
598,40539142,003567,2021-01-01,2021-12-31,2022-03-30,403006,年度,73,688285,高铁电气,15159.0,138553.26,0.0
599,40539143,003567,2021-01-01,2021-12-31,2022-03-30,403006,年度,74,688212,澳华内镜,3496.0,114738.72,0.0
600,40539144,003567,2021-01-01,2021-12-31,2022-03-30,403006,年度,75,301155,海力风电,1054.0,101974.5,0.0
601,40539145,003567,2021-01-01,2021-12-31,2022-03-30,403006,年度,76,688718,唯赛勃,3145.0,87147.95,0.0
602,40539146,003567,2021-01-01,2021-12-31,2022-03-30,403006,年度,77,688786,悦安新材,1513.0,81717.13,0.0
603,40539147,003567,2021-01-01,2021-12-31,2022-03-30,403006,年度,78,301029,怡合达,462.0,41519.94,0.0
604,40539148,003567,2021-01-01,2021-12-31,2022-03-30,403006,年度,79,301211,亨迪药业,967.0,32539.55,0.0
605,40539149,003567,2021-01-01,2021-12-31,2022-03-30,403006,年度,80,301127,天源环保,1685.0,28847.2,0.0
606,40539150,003567,2021-01-01,2021-12-31,2022-03-30,403006,年度,81,301039,中集车辆,2064.0,25820.64,0.0
607,40539151,003567,2021-01-01,2021-12-31,2022-03-30,403006,年度,82,301099,雅创电子,351.0,25047.36,0.0
608,40539152,003567,2021-01-01,2021-12-31,2022-03-30,403006,年度,83,301069,凯盛新材,539.0,23829.19,0.0
609,40539153,003567,2021-01-01,2021-12-31,2022-03-30,403006,年度,84,301096,百诚医药,272.0,21360.16,0.0
610,40539154,003567,2021-01-01,2021-12-31,2022-03-30,403006,年度,85,300994,久祺股份,420.0,19089.0,0.0
611,40539155,003567,2021-01-01,2021-12-31,2022-03-30,403006,年度,86,301168,通灵股份,329.0,17150.77,0.0
612,40539156,003567,2021-01-01,2021-12-31,2022-03-30,403006,年度,87,301085,亚康股份,500.0,16670.0,0.0
613,40539157,003567,2021-01-01,2021-12-31,2022-03-30,403006,年度,88,301108,洁雅股份,280.0,15038.8,0.0
614,40539158,003567,2021-01-01,2021-12-31,2022-03-30,403006,年度,89,301179,泽宇智能,295.0,14977.15,0.0
615,40539159,003567,2021-01-01,2021-12-31,2022-03-30,403006,年度,90,301089,拓新药业,220.0,14944.6,0.0
616,40539160,003567,2021-01-01,2021-12-31,2022-03-30,403006,年度,91,301046,能辉科技,290.0,14207.1,0.0
617,40539161,003567,2021-01-01,2021-12-31,2022-03-30,403006,年度,92,301111,粤万年青,379.0,13901.72,0.0
618,40539162,003567,2021-01-01,2021-12-31,2022-03-30,403006,年度,93,301188,力诺特玻,647.0,13250.56,0.0
619,40539163,003567,2021-01-01,2021-12-31,2022-03-30,403006,年度,94,301017,漱玉平民,555.0,13209.0,0.0
620,40539164,003567,2021-01-01,2021-12-31,2022-03-30,403006,年度,95,301020,密封科技,421.0,12815.24,0.0
621,40539165,003567,2021-01-01,2021-12-31,2022-03-30,403006,年度,96,301026,浩通科技,203.0,12734.19,0.0
622,40539166,003567,2021-01-01,2021-12-31,2022-03-30,403006,年度,97,301021,英诺激光,290.0,12014.7,0.0
623,40539167,003567,2021-01-01,2021-12-31,2022-03-30,403006,年度,98,301048,金鹰重工,843.0,10925.28,0.0
624,40539168,003567,2021-01-01,2021-12-31,2022-03-30,403006,年度,99,301028,东亚机械,733.0,9895.5,0.0
625,40539169,003567,2021-01-01,2021-12-31,2022-03-30,403006,年度,100,301045,天禄科技,335.0,9503.95,0.0
626,40539170,003567,2021-01-01,2021-12-31,2022-03-30,403006,年度,101,301078,孩子王,756.0,9177.84,0.0
627,40539171,003567,2021-01-01,2021-12-31,2022-03-30,403006,年度,102,301062,上海艾录,523.0,8896.23,0.0
628,40539172,003567,2021-01-01,2021-12-31,2022-03-30,403006,年度,103,301193,家联科技,297.0,8654.58,0.0
629,40539173,003567,2021-01-01,2021-12-31,2022-03-30,403006,年度,104,301025,读客文化,403.0,8414.64,0.0
630,40539174,003567,2021-01-01,2021-12-31,2022-03-30,403006,年度,105,301066,万事利,344.0,7856.96,0.0
631,40539175,003567,2021-01-01,2021-12-31,2022-03-30,403006,年度,106,300814,中富电路,328.0,7832.64,0.0
632,40539176,003567,2021-01-01,2021-12-31,2022-03-30,403006,年度,107,301055,张小泉,355.0,7731.9,0.0
633,40539177,003567,2021-01-01,2021-12-31,2022-03-30,403006,年度,108,301133,金钟股份,286.0,7707.7,0.0
634,40539178,003567,2021-01-01,2021-12-31,2022-03-30,403006,年度,109,301198,喜悦智行,262.0,7650.4,0.0
635,40539179,003567,2021-01-01,2021-12-31,2022-03-30,403006,年度,110,301030,仕净科技,242.0,7627.84,0.0
636,40539180,003567,2021-01-01,2021-12-31,2022-03-30,403006,年度,111,301098,金埔园林,307.0,6806.19,0.0
637,40539181,003567,2021-01-01,2021-12-31,2022-03-30,403006,年度,112,301033,迈普医学,108.0,6476.76,0.0
638,40539182,003567,2021-01-01,2021-12-31,2022-03-30,403006,年度,113,301049,超越科技,196.0,6452.32,0.0
639,40539183,003567,2021-01-01,2021-12-31,2022-03-30,403006,年度,114,301032,新柴股份,513.0,6417.63,0.0
640,40539184,003567,2021-01-01,2021-12-31,2022-03-30,403006,年度,115,301056,森赫股份,572.0,6343.48,0.0
641,40539185,003567,2021-01-01,2021-12-31,2022-03-30,403006,年度,116,301036,双乐股份,205.0,6135.65,0.0
642,40539186,003567,2021-01-01,2021-12-31,2022-03-30,403006,年度,117,301041,金百泽,215.0,6065.15,0.0
643,40539187,003567,2021-01-01,2021-12-31,2022-03-30,403006,年度,118,301072,中捷精工,181.0,6047.21,0.0
644,40539188,003567,2021-01-01,2021-12-31,2022-03-30,403006,年度,119,300854,中兰环保,203.0,5539.87,0.0
645,40539189,003567,2021-01-01,2021-12-31,2022-03-30,403006,年度,120,301063,海锅股份,153.0,5524.83,0.0
646,40539190,003567,2021-01-01,2021-12-31,2022-03-30,403006,年度,121,001234,泰慕士,333.0,5504.49,0.0
647,40539191,003567,2021-01-01,2021-12-31,2022-03-30,403006,年度,122,301059,金三江,259.0,4998.7,0.0
648,40539192,003567,2021-01-01,2021-12-31,2022-03-30,403006,年度,123,301027,华蓝集团,286.0,4761.9,0.0
649,40539193,003567,2021-01-01,2021-12-31,2022-03-30,403006,年度,124,603176,汇通集团,1924.0,4713.8,0.0
650,40539194,003567,2021-01-01,2021-12-31,2022-03-30,403006,年度,125,301037,保立佳,193.0,4682.18,0.0
651,40539195,003567,2021-01-01,2021-12-31,2022-03-30,403006,年度,126,301073,君亭酒店,144.0,4608.0,0.0
652,40539196,003567,2021-01-01,2021-12-31,2022-03-30,403006,年度,127,301053,远信工业,155.0,4460.9,0.0
653,40539197,003567,2021-01-01,2021-12-31,2022-03-30,403006,年度,128,301057,汇隆新材,218.0,4146.36,0.0
654,40539198,003567,2021-01-01,2021-12-31,2022-03-30,403006,年度,129,301068,大地海洋,144.0,4086.72,0.0
655,40539199,003567,2021-01-01,2021-12-31,2022-03-30,403006,年度,130,301079,邵阳液压,140.0,3474.8,0.0
656,40539200,003567,2021-01-01,2021-12-31,2022-03-30,403006,年度,131,002091,江苏国泰,167.0,2292.91,0.0
657,39304190,003567,2021-04-01,2021-06-30,2021-07-20,403002,第二季度,1,600884,杉杉股份,1974805.0,46052452.6,5.96
658,39304191,003567,2021-04-01,2021-06-30,2021-07-20,403002,第二季度,2,300671,富满电子,323520.0,42588172.8,5.51
659,39304192,003567,2021-04-01,2021-06-30,2021-07-20,403002,第二季度,3,002759,天际股份,881600.0,32751440.0,4.24
660,39304193,003567,2021-04-01,2021-06-30,2021-07-20,403002,第二季度,4,300077,国民技术,2020900.0,32293982.0,4.18
661,39304194,003567,2021-04-01,2021-06-30,2021-07-20,403002,第二季度,5,300825,阿尔特,1092100.0,28918808.0,3.74
662,39304195,003567,2021-04-01,2021-06-30,2021-07-20,403002,第二季度,6,300390,天华超净,556260.0,26717167.8,3.46
663,39304196,003567,2021-04-01,2021-06-30,2021-07-20,403002,第二季度,7,688678,福立旺,1061573.0,25159280.1,3.25
664,39304197,003567,2021-04-01,2021-06-30,2021-07-20,403002,第二季度,8,300505,川金诺,1193620.0,25018275.2,3.24
665,39304198,003567,2021-04-01,2021-06-30,2021-07-20,403002,第二季度,9,600619,海立股份,2322300.0,24709272.0,3.2
666,39304199,003567,2021-04-01,2021-06-30,2021-07-20,403002,第二季度,10,002240,盛新锂能,857400.0,24478770.0,3.17
667,40184404,003567,2021-07-01,2021-09-30,2021-10-26,403003,第三季度,1,002240,盛新锂能,7027409.0,419114672.76,5.77
668,40184405,003567,2021-07-01,2021-09-30,2021-10-26,403003,第三季度,2,300077,国民技术,10928456.0,307198898.16,4.23
669,40184406,003567,2021-07-01,2021-09-30,2021-10-26,403003,第三季度,3,000818,航锦科技,9829118.0,281112774.8,3.87
670,40184407,003567,2021-07-01,2021-09-30,2021-10-26,403003,第三季度,4,603897,长城科技,4979270.0,262407529.0,3.62
671,40184408,003567,2021-07-01,2021-09-30,2021-10-26,403003,第三季度,5,002602,世纪华通,32792193.0,242662228.2,3.34
672,40184409,003567,2021-07-01,2021-09-30,2021-10-26,403003,第三季度,6,002865,钧达股份,6370687.0,207875516.81,2.86
673,40184410,003567,2021-07-01,2021-09-30,2021-10-26,403003,第三季度,7,605358,立昂微,1742286.0,202383941.76,2.79
674,40184411,003567,2021-07-01,2021-09-30,2021-10-26,403003,第三季度,8,600884,杉杉股份,5794055.0,198794027.05,2.74
675,40184412,003567,2021-07-01,2021-09-30,2021-10-26,403003,第三季度,9,002759,天际股份,3980100.0,175681614.0,2.42
676,40184413,003567,2021-07-01,2021-09-30,2021-10-26,403003,第三季度,10,002594,比亚迪,702414.0,175259317.14,2.41
677,40270367,003567,2021-10-01,2021-12-31,2022-01-21,403004,第四季度,1,002268,卫士通,10282501.0,575203105.94,4.68
678,40270368,003567,2021-10-01,2021-12-31,2022-01-21,403004,第四季度,2,002240,盛新锂能,9734289.0,564102047.55,4.59
679,40270369,003567,2021-10-01,2021-12-31,2022-01-21,403004,第四季度,3,002865,钧达股份,6579489.0,460564230.0,3.75
680,40270370,003567,2021-10-01,2021-12-31,2022-01-21,403004,第四季度,4,000818,航锦科技,12180748.0,452027558.28,3.68
681,40270371,003567,2021-10-01,2021-12-31,2022-01-21,403004,第四季度,5,300077,国民技术,13936456.0,348132670.88,2.83
682,40270372,003567,2021-10-01,2021-12-31,2022-01-21,403004,第四季度,6,002602,世纪华通,39877708.0,334573970.12,2.72
683,40270373,003567,2021-10-01,2021-12-31,2022-01-21,403004,第四季度,7,601117,中国化学,27673606.0,332083272.0,2.7
684,40270374,003567,2021-10-01,2021-12-31,2022-01-21,403004,第四季度,8,002057,中钢天源,34919446.0,321258903.2,2.61
685,40270375,003567,2021-10-01,2021-12-31,2022-01-21,403004,第四季度,9,300841,康华生物,1518292.0,319587074.24,2.6
686,40270376,003567,2021-10-01,2021-12-31,2022-01-21,403004,第四季度,10,300571,平治信息,5436111.0,318338660.16,2.59
687,41373023,003567,2022-01-01,2022-03-31,2022-04-21,403001,第一季度,1,002240,盛新锂能,11078389.0,563114512.87,5.02
688,41373024,003567,2022-01-01,2022-03-31,2022-04-21,403001,第一季度,2,002865,钧达股份,5980389.0,496790914.23,4.43
689,41373025,003567,2022-01-01,2022-03-31,2022-04-21,403001,第一季度,3,000818,航锦科技,11718048.0,450676126.08,4.02
690,41373026,003567,2022-01-01,2022-03-31,2022-04-21,403001,第一季度,4,000049,德赛电池,11010291.0,404187782.61,3.6
691,41373027,003567,2022-01-01,2022-03-31,2022-04-21,403001,第一季度,5,603026,石大胜华,2206971.0,324998549.46,2.9
692,41373028,003567,2022-01-01,2022-03-31,2022-04-21,403001,第一季度,6,300841,康华生物,1800142.0,314036121.0,2.8
693,41373029,003567,2022-01-01,2022-03-31,2022-04-21,403001,第一季度,7,002057,中钢天源,34919446.0,309386291.56,2.76
694,41373030,003567,2022-01-01,2022-03-31,2022-04-21,403001,第一季度,8,601117,中国化学,31447707.0,303155895.48,2.7
695,41373031,003567,2022-01-01,2022-03-31,2022-04-21,403001,第一季度,9,002756,永兴材料,2546446.0,302059424.52,2.69
696,41373032,003567,2022-01-01,2022-03-31,2022-04-21,403001,第一季度,10,600110,诺德股份,24424909.0,281863449.86,2.51
